account_id,chat_id,chat_type,date,cost_dialog,cost_task,total_cost_tasks,cost_classification,cost_qc,cost_check_list,total_cost_classifications,cost_amocrm_call,total_cost,has_tasks,has_classifications,has_amocrm_call,num_services,has_both,n_tasks,n_classifications,n_amocrm_calls
21782287,82276161327,instagram,2025-01-01,0.0,0.0,0.0,0.0,0.0,0.0,0.0,0.0,0.0,0,0,0,0,0,0,0,0
21782287,45038593789,avito,2025-01-01,0.0,0.0,0.0,0.0,0.0,0.0,0.0,0.0,0.0,0,0,0,0,0,0,0,0
21782287,04380376578,max,2025-01-01,0.0,0.0,0.0,0.0,0.0,0.0,0.0,0.0,0.0,0,0,0,0,0,0,0,0
21782287,00736226975,max,2025-01-01,0.0,0.0,0.0,0.0,0.0,0.0,0.0,0.0,0.0,0,0,0,0,0,0,0,0
21782287,68249550397,max,2025-01-01,0.0,0.0,0.0,0.0,0.0,0.0,0.0,0.0,0.0,0,0,0,0,0,0,0,0
21782287,47570492622,instagram,2025-01-01,0.0,0.0,0.0,0.0,0.0,0.0,0.0,0.0,0.0,0,0,0,0,0,0,0,0
11606517,63471832000,avito,2025-01-01,0.0,0.0,0.0,0.0,0.0,0.0,0.0,0.0,0.0,0,0,0,0,0,0,0,0
11606517,37365772887,viber,2025-01-01,0.0,0.0,0.0,0.0,0.0,0.0,0.0,0.0,0.0,0,0,0,0,0,0,0,0
23931208,55485246939,viber,2025-01-01,0.0,0.0,0.0,0.0,0.0,0.0,0.0,0.0,0.0,0,0,0,0,0,0,0,0
23931208,58764457217,instagram,2025-01-01,0.0,0.0,0.0,0.0,0.0,0.0,0.0,0.0,0.0,0,0,0,0,0,0,0,0
23931208,08272999992,telegram,2025-01-01,0.0,0.0,0.0,0.0,0.0,0.0,0.0,0.0,0.0,0,0,0,0,0,0,0,0
23931208,65942263469,whatsapp,2025-01-01,0.0,0.0,0.0,0.0,0.0,0.0,0.0,0.0,0.0,0,0,0,0,0,0,0,0
21782287,45038593789,avito,2025-01-02,0.0,0.0,0.0,0.0,0.0,0.0,0.0,0.0,11.624434329336713,0,0,0,1,0,0,0,0
21782287,46955581127,viber,2025-01-02,0.0,0.0,0.0,0.0,0.0,0.0,0.0,0.0,0.0,0,0,0,0,0,0,0,0
21782287,47570492622,instagram,2025-01-02,0.0,0.0,0.0,0.0,0.0,0.0,0.0,0.0,0.0,0,0,0,0,0,0,0,0
21782287,55458478701,viber,2025-01-02,0.0,0.0,0.0,11.624434329336713,0.0,0.0,11.624434329336713,0.0,0.0,0,1,0,0,0,0,40,0
11606517,37365772887,viber,2025-01-02,0.0,0.0,0.0,0.0,0.0,0.0,0.0,0.0,0.0,0,0,0,0,0,0,0,0
11606517,55703215234,telegram,2025-01-02,0.0,0.0,0.0,12.437024876121827,0.0,0.0,12.437024876121827,0.0,0.0,0,1,0,0,0,0,67,0
11606517,56874119595,max,2025-01-02,0.0,0.0,0.0,0.0,0.0,0.0,0.0,0.0,12.437024876121827,0,0,0,1,0,0,0,0
11606517,44615627557,avito,2025-01-02,0.0,0.0,0.0,0.0,0.0,0.0,0.0,0.0,0.0,0,0,0,0,0,0,0,0
23931208,80825147206,viber,2025-01-02,0.0,0.0,0.0,0.0,0.0,0.0,0.0,0.0,0.0,0,0,0,0,0,0,0,0
23931208,08272999992,telegram,2025-01-02,2.0118178548570884,0.0,0.0,0.0,0.0,0.0,0.0,0.0,2.0118178548570884,0,0,0,0,0,0,0,0
23931208,55485246939,viber,2025-01-02,0.0,0.0,0.0,0.0,0.0,0.0,0.0,0.0,0.0,0,0,0,0,0,0,0,0
21782287,55458478701,viber,2025-01-03,0.0,0.0,0.0,28.59256608715231,0.0,0.0,28.59256608715231,0.0,0.0,0,1,0,0,0,0,41,0
21782287,46955581127,viber,2025-01-03,0.0,0.0,0.0,0.0,0.0,0.0,0.0,0.0,0.0,0,0,0,0,0,0,0,0
21782287,47570492622,instagram,2025-01-03,0.0,0.0,0.0,0.0,0.0,0.0,0.0,0.0,28.59256608715231,0,0,0,1,0,0,0,0
21782287,00736226975,max,2025-01-03,0.0,0.0,0.0,0.0,0.0,0.0,0.0,0.0,0.0,0,0,0,0,0,0,0,0
21782287,89312112132,vk,2025-01-03,0.0,0.0,0.0,0.0,0.0,0.0,0.0,0.0,0.0,0,0,0,0,0,0,0,0
11606517,37365772887,viber,2025-01-03,0.0,0.0,0.0,0.0,0.0,0.0,0.0,0.0,0.0,0,0,0,0,0,0,0,0
11606517,44615627557,avito,2025-01-03,0.0,0.0,0.0,18.034789226207216,0.0,0.0,18.034789226207216,0.0,18.034789226207216,0,1,0,1,0,0,29,0
11606517,05830274168,max,2025-01-03,0.0,0.0,0.0,0.0,0.0,0.0,0.0,0.0,0.0,0,0,0,0,0,0,0,0
11606517,26586996145,max,2025-01-03,0.0,0.0,0.0,0.0,0.0,0.0,0.0,0.0,0.0,0,0,0,0,0,0,0,0
23931208,08444432113,vk,2025-01-03,0.0,0.0,0.0,0.0,0.0,0.0,0.0,0.0,0.0,0,0,0,0,0,0,0,0
23931208,08272999992,telegram,2025-01-03,0.0,0.0,0.0,0.0,0.0,0.0,0.0,0.0,0.0,0,0,0,0,0,0,0,0
23931208,43209303977,instagram,2025-01-03,0.0,0.0,0.0,0.0,0.0,0.0,0.0,0.0,0.0,0,0,0,0,0,0,0,0
23931208,20236336479,max,2025-01-03,0.0,0.0,0.0,0.0,0.0,0.0,0.0,0.0,0.0,0,0,0,0,0,0,0,0
23931208,82629192419,avito,2025-01-03,0.0,0.0,0.0,0.0,0.0,0.0,0.0,0.0,0.0,0,0,0,0,0,0,0,0
23931208,58764457217,instagram,2025-01-03,0.0,0.0,0.0,0.0,0.0,0.0,0.0,0.0,0.0,0,0,0,0,0,0,0,0
21782287,46955581127,viber,2025-01-04,0.0,0.0,0.0,13.137526504642072,0.0,0.0,13.137526504642072,0.0,13.137526504642072,0,1,0,1,0,0,52,0
11606517,63471832000,avito,2025-01-04,0.0,0.0,0.0,0.0,0.0,0.0,0.0,0.0,11.834026930020968,0,0,0,1,0,0,0,0
11606517,16127177903,viber,2025-01-04,0.0,0.0,0.0,11.834026930020968,0.0,0.0,11.834026930020968,0.0,0.0,0,1,0,0,0,0,77,0
23931208,80825147206,viber,2025-01-04,0.0,0.0,0.0,0.0,0.0,0.0,0.0,0.0,0.0,0,0,0,0,0,0,0,0
21782287,68249550397,max,2025-01-05,0.0,0.0,0.0,35.16632925110411,0.0,0.0,35.16632925110411,0.0,0.0,0,1,0,0,0,0,79,0
21782287,47570492622,instagram,2025-01-05,0.0,0.0,0.0,0.0,0.0,0.0,0.0,0.0,0.0,0,0,0,0,0,0,0,0
21782287,45038593789,avito,2025-01-05,0.0,0.0,0.0,0.0,0.0,0.0,0.0,0.0,35.16632925110411,0,0,0,1,0,0,0,0
21782287,74476215590,instagram,2025-01-05,0.0,0.0,0.0,0.0,0.0,0.0,0.0,0.0,0.0,0,0,0,0,0,0,0,0
11606517,16127177903,viber,2025-01-05,0.0,0.0,0.0,0.0,0.0,0.0,0.0,0.0,16.0482747490804,0,0,0,1,0,0,0,0
11606517,31592905183,instagram,2025-01-05,0.0,0.0,0.0,16.0482747490804,0.0,0.0,16.0482747490804,0.0,0.0,0,1,0,0,0,0,22,0
23931208,08272999992,telegram,2025-01-05,0.0,0.0,0.0,0.0,0.0,0.0,0.0,0.0,0.0,0,0,0,0,0,0,0,0
21782287,47570492622,instagram,2025-01-06,0.0,0.0,0.0,28.730136435771946,0.0,0.0,28.730136435771946,0.0,28.730136435771946,0,1,0,1,0,0,31,0
21782287,55458478701,viber,2025-01-06,0.0,0.0,0.0,0.0,0.0,0.0,0.0,0.0,0.0,0,0,0,0,0,0,0,0
11606517,73898400391,max,2025-01-06,0.0,0.0,0.0,25.846986185225433,0.0,0.0,25.846986185225433,0.0,0.0,0,1,0,0,0,0,83,0
11606517,32836120500,avito,2025-01-06,2.0066461731989356,0.0,0.0,0.0,0.0,0.0,0.0,0.0,27.853632358424367,0,0,0,1,0,0,0,0
23931208,43209303977,instagram,2025-01-06,0.0,0.0,0.0,0.0,0.0,0.0,0.0,0.0,0.0,0,0,0,0,0,0,0,0
23931208,80825147206,viber,2025-01-06,0.0,0.0,0.0,0.0,0.0,0.0,0.0,0.0,0.0,0,0,0,0,0,0,0,0
23931208,06655885695,avito,2025-01-06,0.0,0.0,0.0,0.0,0.0,0.0,0.0,0.0,0.0,0,0,0,0,0,0,0,0
21782287,55458478701,viber,2025-01-07,0.0,0.0,0.0,19.990047874719092,0.0,0.0,19.990047874719092,0.0,0.0,0,1,0,0,0,0,47,0
21782287,46955581127,viber,2025-01-07,0.0,0.0,0.0,0.0,0.0,0.0,0.0,0.0,0.0,0,0,0,0,0,0,0,0
21782287,47570492622,instagram,2025-01-07,0.0,0.0,0.0,0.0,0.0,0.0,0.0,0.0,19.990047874719092,0,0,0,1,0,0,0,0
11606517,37365772887,viber,2025-01-07,0.0,0.0,0.0,0.0,0.0,0.0,0.0,0.0,0.0,0,0,0,0,0,0,0,0
11606517,32836120500,avito,2025-01-07,0.0,0.0,0.0,0.0,0.0,0.0,0.0,0.0,0.0,0,0,0,0,0,0,0,0
11606517,05830274168,max,2025-01-07,0.0,0.0,0.0,0.0,0.0,0.0,0.0,0.0,0.0,0,0,0,0,0,0,0,0
11606517,63471832000,avito,2025-01-07,0.0,0.0,0.0,18.67691634905121,0.0,0.0,18.67691634905121,0.0,18.67691634905121,0,1,0,1,0,0,66,0
23931208,08272999992,telegram,2025-01-07,0.0,0.0,0.0,0.0,0.0,0.0,0.0,0.0,0.0,0,0,0,0,0,0,0,0
23931208,55485246939,viber,2025-01-07,0.0,0.0,0.0,0.0,0.0,0.0,0.0,0.0,0.0,0,0,0,0,0,0,0,0
23931208,43209303977,instagram,2025-01-07,0.0,0.0,0.0,0.0,0.0,0.0,0.0,0.0,0.0,0,0,0,0,0,0,0,0
21782287,14389750255,whatsapp,2025-01-08,0.0,0.0,0.0,18.027921950052104,0.0,0.0,18.027921950052104,0.0,18.027921950052104,0,1,0,1,0,0,63,0
11606517,32836120500,avito,2025-01-08,2.0056220887462097,0.0,0.0,0.0,0.0,0.0,0.0,0.0,19.898471935761705,0,0,0,1,0,0,0,0
11606517,31592905183,instagram,2025-01-08,0.0,0.0,0.0,17.892849847015494,0.0,0.0,17.892849847015494,0.0,0.0,0,1,0,0,0,0,64,0
11606517,96189766454,instagram,2025-01-08,0.0,0.0,0.0,0.0,0.0,0.0,0.0,0.0,0.0,0,0,0,0,0,0,0,0
11606517,80439182794,avito,2025-01-08,0.0,0.0,0.0,0.0,0.0,0.0,0.0,0.0,0.0,0,0,0,0,0,0,0,0
23931208,08272999992,telegram,2025-01-08,0.0,0.0,0.0,0.0,0.0,0.0,0.0,0.0,0.0,0,0,0,0,0,0,0,0
23931208,43209303977,instagram,2025-01-08,0.0,0.0,0.0,0.0,0.0,0.0,0.0,0.0,0.0,0,0,0,0,0,0,0,0
23931208,55403614353,instagram,2025-01-08,0.0,0.0,0.0,0.0,0.0,0.0,0.0,0.0,0.0,0,0,0,0,0,0,0,0
23931208,20236336479,max,2025-01-08,0.0,0.0,0.0,0.0,0.0,0.0,0.0,0.0,0.0,0,0,0,0,0,0,0,0
21782287,46955581127,viber,2025-01-09,2.018326306132929,0.0,0.0,0.0,0.0,0.0,0.0,0.0,34.50110618986924,0,0,0,1,0,0,0,0
21782287,89312112132,vk,2025-01-09,0.0,0.0,0.0,32.48277988373631,0.0,0.0,32.48277988373631,0.0,0.0,0,1,0,0,0,0,80,0
21782287,14389750255,whatsapp,2025-01-09,0.0,0.0,0.0,0.0,0.0,0.0,0.0,0.0,0.0,0,0,0,0,0,0,0,0
11606517,73898400391,max,2025-01-09,0.0,0.0,0.0,0.0,0.0,0.0,0.0,0.0,0.0,0,0,0,0,0,0,0,0
11606517,30395009806,vk,2025-01-09,0.0,0.0,0.0,0.0,0.0,0.0,0.0,0.0,0.0,0,0,0,0,0,0,0,0
11606517,32836120500,avito,2025-01-09,0.0,0.0,0.0,0.0,0.0,0.0,0.0,0.0,0.0,0,0,0,0,0,0,0,0
11606517,63471832000,avito,2025-01-09,0.0,0.0,0.0,0.0,0.0,0.0,0.0,0.0,0.0,0,0,0,0,0,0,0,0
11606517,16127177903,viber,2025-01-09,0.0,0.0,0.0,0.0,0.0,0.0,0.0,0.0,0.0,0,0,0,0,0,0,0,0
11606517,05830274168,max,2025-01-09,0.0,0.0,0.0,0.0,0.0,0.0,0.0,0.0,0.0,0,0,0,0,0,0,0,0
11606517,55703215234,telegram,2025-01-09,0.0,0.0,0.0,0.0,0.0,0.0,0.0,0.0,0.0,0,0,0,0,0,0,0,0
11606517,37365772887,viber,2025-01-09,0.0,0.0,0.0,0.0,0.0,0.0,0.0,0.0,0.0,0,0,0,0,0,0,0,0
11606517,40852864372,whatsapp,2025-01-09,0.0,0.0,0.0,0.0,0.0,0.0,0.0,0.0,0.0,0,0,0,0,0,0,0,0
11606517,66840296179,vk,2025-01-09,2.010510239222991,0.0,0.0,0.0,0.0,0.0,0.0,0.0,2.010510239222991,0,0,0,0,0,0,0,0
23931208,55485246939,viber,2025-01-09,0.0,0.0,0.0,0.0,0.0,0.0,0.0,0.0,0.0,0,0,0,0,0,0,0,0
23931208,43209303977,instagram,2025-01-09,0.0,0.0,0.0,0.0,0.0,0.0,0.0,0.0,0.0,0,0,0,0,0,0,0,0
21782287,00736226975,max,2025-01-10,0.0,0.0,0.0,0.0,0.0,0.0,0.0,0.0,17.43123111026953,0,0,0,1,0,0,0,0
21782287,68249550397,max,2025-01-10,0.0,0.0,0.0,0.0,0.0,0.0,0.0,0.0,0.0,0,0,0,0,0,0,0,0
21782287,77210839910,max,2025-01-10,0.0,0.0,0.0,17.43123111026953,0.0,0.0,17.43123111026953,0.0,0.0,0,1,0,0,0,0,58,0
11606517,32836120500,avito,2025-01-10,0.0,0.0,0.0,0.0,0.0,0.0,0.0,0.0,0.0,0,0,0,0,0,0,0,0
11606517,99703465783,max,2025-01-10,0.0,0.0,0.0,0.0,0.0,0.0,0.0,0.0,0.0,0,0,0,0,0,0,0,0
23931208,55485246939,viber,2025-01-10,0.0,0.0,0.0,0.0,0.0,0.0,0.0,0.0,0.0,0,0,0,0,0,0,0,0
21782287,77210839910,max,2025-01-11,0.0,0.0,0.0,14.736761691653017,0.0,0.0,14.736761691653017,0.0,14.736761691653017,0,1,0,1,0,0,37,0
11606517,05830274168,max,2025-01-11,0.0,0.0,0.0,0.0,0.0,0.0,0.0,0.0,0.0,0,0,0,0,0,0,0,0
11606517,80439182794,avito,2025-01-11,0.0,0.0,0.0,0.0,0.0,0.0,0.0,0.0,0.0,0,0,0,0,0,0,0,0
11606517,16127177903,viber,2025-01-11,0.0,0.0,0.0,0.0,0.0,0.0,0.0,0.0,0.0,0,0,0,0,0,0,0,0
23931208,43209303977,instagram,2025-01-11,0.0,0.0,0.0,0.0,0.0,0.0,0.0,0.0,0.0,0,0,0,0,0,0,0,0
23931208,08272999992,telegram,2025-01-11,0.0,0.0,0.0,0.0,0.0,0.0,0.0,0.0,0.0,0,0,0,0,0,0,0,0
23931208,85661428409,instagram,2025-01-11,0.0,0.0,0.0,0.0,0.0,0.0,0.0,0.0,0.0,0,0,0,0,0,0,0,0
23931208,58764457217,instagram,2025-01-11,0.0,0.0,0.0,0.0,0.0,0.0,0.0,0.0,0.0,0,0,0,0,0,0,0,0
21782287,68249550397,max,2025-01-12,0.0,0.0,0.0,0.0,0.0,0.0,0.0,0.0,0.0,0,0,0,0,0,0,0,0
21782287,46955581127,viber,2025-01-12,0.0,0.0,0.0,18.34884063368942,0.0,0.0,18.34884063368942,0.0,18.34884063368942,0,1,0,1,0,0,38,0
11606517,63471832000,avito,2025-01-12,0.0,0.0,0.0,0.0,0.0,0.0,0.0,0.0,0.0,0,0,0,0,0,0,0,0
23931208,08272999992,telegram,2025-01-12,0.0,0.0,0.0,0.0,0.0,0.0,0.0,0.0,0.0,0,0,0,0,0,0,0,0
23931208,55485246939,viber,2025-01-12,0.0,0.0,0.0,0.0,0.0,0.0,0.0,0.0,0.0,0,0,0,0,0,0,0,0
21782287,47570492622,instagram,2025-01-13,0.0,0.0,0.0,0.0,0.0,0.0,0.0,0.0,0.0,0,0,0,0,0,0,0,0
21782287,46955581127,viber,2025-01-13,0.0,0.0,0.0,16.40543997164813,0.0,0.0,16.40543997164813,0.0,16.40543997164813,0,1,0,1,0,0,63,0
21782287,68249550397,max,2025-01-13,0.0,0.0,0.0,0.0,0.0,0.0,0.0,0.0,0.0,0,0,0,0,0,0,0,0
21782287,00736226975,max,2025-01-13,0.0,0.0,0.0,0.0,0.0,0.0,0.0,0.0,0.0,0,0,0,0,0,0,0,0
11606517,37365772887,viber,2025-01-13,2.0078826119860493,0.0,0.0,0.0,0.0,0.0,0.0,0.0,2.0078826119860493,0,0,0,0,0,0,0,0
11606517,32836120500,avito,2025-01-13,0.0,0.0,0.0,0.0,0.0,0.0,0.0,0.0,0.0,0,0,0,0,0,0,0,0
11606517,63028259311,vk,2025-01-13,0.0,0.0,0.0,0.0,0.0,0.0,0.0,0.0,0.0,0,0,0,0,0,0,0,0
23931208,58764457217,instagram,2025-01-13,0.0,0.0,0.0,0.0,0.0,0.0,0.0,0.0,15.077339768437573,0,0,0,1,0,0,0,0
23931208,08272999992,telegram,2025-01-13,0.0,0.0,0.0,15.077339768437573,0.0,0.0,15.077339768437573,0.0,0.0,0,1,0,0,0,0,33,0
21782287,04380376578,max,2025-01-14,0.0,0.0,0.0,0.0,0.0,0.0,0.0,0.0,0.0,0,0,0,0,0,0,0,0
21782287,55458478701,viber,2025-01-14,0.0,0.0,0.0,0.0,0.0,0.0,0.0,0.0,0.0,0,0,0,0,0,0,0,0
21782287,46955581127,viber,2025-01-14,0.0,0.0,0.0,0.0,0.0,0.0,0.0,0.0,19.710071602893283,0,0,0,1,0,0,0,0
21782287,45038593789,avito,2025-01-14,0.0,0.0,0.0,19.710071602893283,0.0,0.0,19.710071602893283,0.0,0.0,0,1,0,0,0,0,95,0
11606517,16127177903,viber,2025-01-14,0.0,0.0,0.0,0.0,0.0,0.0,0.0,0.0,0.0,0,0,0,0,0,0,0,0
11606517,73898400391,max,2025-01-14,0.0,0.0,0.0,0.0,0.0,0.0,0.0,0.0,0.0,0,0,0,0,0,0,0,0
11606517,32836120500,avito,2025-01-14,0.0,0.0,0.0,0.0,0.0,0.0,0.0,0.0,0.0,0,0,0,0,0,0,0,0
11606517,96189766454,instagram,2025-01-14,0.0,0.0,0.0,0.0,0.0,0.0,0.0,0.0,0.0,0,0,0,0,0,0,0,0
11606517,37365772887,viber,2025-01-14,0.0,0.0,0.0,0.0,0.0,0.0,0.0,0.0,0.0,0,0,0,0,0,0,0,0
23931208,43209303977,instagram,2025-01-14,0.0,0.0,0.0,0.0,0.0,0.0,0.0,0.0,0.0,0,0,0,0,0,0,0,0
21782287,55458478701,viber,2025-01-15,0.0,0.0,0.0,25.656477617285976,0.0,0.0,25.656477617285976,0.0,25.656477617285976,0,1,0,1,0,0,88,0
11606517,32836120500,avito,2025-01-15,0.0,0.0,0.0,0.0,0.0,0.0,0.0,0.0,0.0,0,0,0,0,0,0,0,0
11606517,37365772887,viber,2025-01-15,0.0,0.0,0.0,0.0,0.0,0.0,0.0,0.0,0.0,0,0,0,0,0,0,0,0
23931208,08272999992,telegram,2025-01-15,0.0,0.0,0.0,0.0,0.0,0.0,0.0,0.0,0.0,0,0,0,0,0,0,0,0
21782287,39257271584,viber,2025-01-16,0.0,0.0,0.0,0.0,0.0,0.0,0.0,0.0,11.468071547699653,0,0,0,1,0,0,0,0
21782287,04380376578,max,2025-01-16,0.0,0.0,0.0,11.468071547699653,0.0,0.0,11.468071547699653,0.0,0.0,0,1,0,0,0,0,57,0
11606517,55703215234,telegram,2025-01-16,0.0,0.0,0.0,0.0,0.0,0.0,0.0,0.0,0.0,0,0,0,0,0,0,0,0
11606517,96189766454,instagram,2025-01-16,0.0,0.0,0.0,0.0,0.0,0.0,0.0,0.0,0.0,0,0,0,0,0,0,0,0
11606517,63471832000,avito,2025-01-16,0.0,0.0,0.0,0.0,0.0,0.0,0.0,0.0,0.0,0,0,0,0,0,0,0,0
11606517,99703465783,max,2025-01-16,0.0,0.0,0.0,0.0,0.0,0.0,0.0,0.0,0.0,0,0,0,0,0,0,0,0
23931208,08272999992,telegram,2025-01-16,2.0056227540708798,0.0,0.0,23.517846861115366,0.0,0.0,23.517846861115366,0.0,25.523469615186247,0,1,0,1,0,0,33,0
21782287,47570492622,instagram,2025-01-17,0.0,0.0,0.0,0.0,0.0,0.0,0.0,0.0,0.0,0,0,0,0,0,0,0,0
21782287,83906973088,max,2025-01-17,0.0,0.0,0.0,22.768688110585956,0.0,0.0,22.768688110585956,0.0,22.768688110585956,0,1,0,1,0,0,62,0
21782287,39257271584,viber,2025-01-17,0.0,0.0,0.0,0.0,0.0,0.0,0.0,0.0,0.0,0,0,0,0,0,0,0,0
11606517,05830274168,max,2025-01-17,0.0,0.0,0.0,0.0,0.0,0.0,0.0,0.0,0.0,0,0,0,0,0,0,0,0
11606517,32836120500,avito,2025-01-17,0.0,0.0,0.0,0.0,0.0,0.0,0.0,0.0,0.0,0,0,0,0,0,0,0,0
11606517,31592905183,instagram,2025-01-17,0.0,0.0,0.0,0.0,0.0,0.0,0.0,0.0,0.0,0,0,0,0,0,0,0,0
11606517,37365772887,viber,2025-01-17,0.0,0.0,0.0,0.0,0.0,0.0,0.0,0.0,0.0,0,0,0,0,0,0,0,0
11606517,73898400391,max,2025-01-17,0.0,0.0,0.0,0.0,0.0,0.0,0.0,0.0,0.0,0,0,0,0,0,0,0,0
23931208,08272999992,telegram,2025-01-17,2.0274812433272444,0.0,0.0,0.0,0.0,0.0,0.0,0.0,2.0274812433272444,0,0,0,0,0,0,0,0
23931208,55485246939,viber,2025-01-17,0.0,0.0,0.0,0.0,0.0,0.0,0.0,0.0,0.0,0,0,0,0,0,0,0,0
23931208,43209303977,instagram,2025-01-17,0.0,0.0,0.0,0.0,0.0,0.0,0.0,0.0,0.0,0,0,0,0,0,0,0,0
23931208,11585672433,vk,2025-01-17,0.0,0.0,0.0,0.0,0.0,0.0,0.0,0.0,0.0,0,0,0,0,0,0,0,0
23931208,73375349743,viber,2025-01-17,0.0,0.0,0.0,0.0,0.0,0.0,0.0,0.0,0.0,0,0,0,0,0,0,0,0
23931208,20236336479,max,2025-01-17,0.0,0.0,0.0,0.0,0.0,0.0,0.0,0.0,0.0,0,0,0,0,0,0,0,0
21782287,78262410462,viber,2025-01-18,0.0,0.0,0.0,0.0,0.0,0.0,0.0,0.0,0.0,0,0,0,0,0,0,0,0
21782287,39257271584,viber,2025-01-18,0.0,0.0,0.0,19.55618643525927,0.0,0.0,19.55618643525927,0.0,19.55618643525927,0,1,0,1,0,0,67,0
11606517,66840296179,vk,2025-01-18,0.0,0.0,0.0,0.0,0.0,0.0,0.0,0.0,0.0,0,0,0,0,0,0,0,0
11606517,63471832000,avito,2025-01-18,0.0,0.0,0.0,0.0,0.0,0.0,0.0,0.0,0.0,0,0,0,0,0,0,0,0
11606517,30395009806,vk,2025-01-18,0.0,0.0,0.0,0.0,0.0,0.0,0.0,0.0,0.0,0,0,0,0,0,0,0,0
11606517,05830274168,max,2025-01-18,0.0,0.0,0.0,0.0,0.0,0.0,0.0,0.0,0.0,0,0,0,0,0,0,0,0
11606517,55703215234,telegram,2025-01-18,0.0,0.0,0.0,0.0,0.0,0.0,0.0,0.0,0.0,0,0,0,0,0,0,0,0
11606517,09004786077,max,2025-01-18,0.0,0.0,0.0,0.0,0.0,0.0,0.0,0.0,0.0,0,0,0,0,0,0,0,0
11606517,16127177903,viber,2025-01-18,2.0105487797368715,0.0,0.0,0.0,0.0,0.0,0.0,0.0,2.0105487797368715,0,0,0,0,0,0,0,0
11606517,63028259311,vk,2025-01-18,0.0,0.0,0.0,0.0,0.0,0.0,0.0,0.0,0.0,0,0,0,0,0,0,0,0
11606517,96189766454,instagram,2025-01-18,0.0,0.0,0.0,0.0,0.0,0.0,0.0,0.0,0.0,0,0,0,0,0,0,0,0
11606517,26586996145,max,2025-01-18,0.0,0.0,0.0,0.0,0.0,0.0,0.0,0.0,0.0,0,0,0,0,0,0,0,0
11606517,31592905183,instagram,2025-01-18,0.0,0.0,0.0,0.0,0.0,0.0,0.0,0.0,0.0,0,0,0,0,0,0,0,0
11606517,37365772887,viber,2025-01-18,0.0,0.0,0.0,0.0,0.0,0.0,0.0,0.0,0.0,0,0,0,0,0,0,0,0
11606517,73898400391,max,2025-01-18,0.0,0.0,0.0,0.0,0.0,0.0,0.0,0.0,0.0,0,0,0,0,0,0,0,0
11606517,32836120500,avito,2025-01-18,0.0,0.0,0.0,0.0,0.0,0.0,0.0,0.0,0.0,0,0,0,0,0,0,0,0
11606517,99703465783,max,2025-01-18,0.0,0.0,0.0,0.0,0.0,0.0,0.0,0.0,0.0,0,0,0,0,0,0,0,0
11606517,23285228494,telegram,2025-01-18,0.0,0.0,0.0,0.0,0.0,0.0,0.0,0.0,0.0,0,0,0,0,0,0,0,0
11606517,85027429883,instagram,2025-01-18,0.0,0.0,0.0,0.0,0.0,0.0,0.0,0.0,0.0,0,0,0,0,0,0,0,0
11606517,80087159210,instagram,2025-01-18,0.0,0.0,0.0,0.0,0.0,0.0,0.0,0.0,0.0,0,0,0,0,0,0,0,0
23931208,20236336479,max,2025-01-18,0.0,0.0,0.0,0.0,0.0,0.0,0.0,0.0,0.0,0,0,0,0,0,0,0,0
23931208,85661428409,instagram,2025-01-18,0.0,0.0,0.0,0.0,0.0,0.0,0.0,0.0,0.0,0,0,0,0,0,0,0,0
23931208,43209303977,instagram,2025-01-18,0.0,0.0,0.0,0.0,0.0,0.0,0.0,0.0,0.0,0,0,0,0,0,0,0,0
23931208,58764457217,instagram,2025-01-18,0.0,0.0,0.0,0.0,0.0,0.0,0.0,0.0,0.0,0,0,0,0,0,0,0,0
23931208,95855921324,instagram,2025-01-18,0.0,0.0,0.0,0.0,0.0,0.0,0.0,0.0,0.0,0,0,0,0,0,0,0,0
23931208,08272999992,telegram,2025-01-18,0.0,0.0,0.0,0.0,0.0,0.0,0.0,0.0,0.0,0,0,0,0,0,0,0,0
23931208,57172805237,avito,2025-01-18,0.0,0.0,0.0,0.0,0.0,0.0,0.0,0.0,0.0,0,0,0,0,0,0,0,0
23931208,82629192419,avito,2025-01-18,0.0,0.0,0.0,0.0,0.0,0.0,0.0,0.0,0.0,0,0,0,0,0,0,0,0
23931208,55485246939,viber,2025-01-18,0.0,0.0,0.0,0.0,0.0,0.0,0.0,0.0,0.0,0,0,0,0,0,0,0,0
23931208,06655885695,avito,2025-01-18,0.0,0.0,0.0,0.0,0.0,0.0,0.0,0.0,0.0,0,0,0,0,0,0,0,0
23931208,11585672433,vk,2025-01-18,0.0,0.0,0.0,0.0,0.0,0.0,0.0,0.0,0.0,0,0,0,0,0,0,0,0
23931208,73375349743,viber,2025-01-18,0.0,0.0,0.0,0.0,0.0,0.0,0.0,0.0,0.0,0,0,0,0,0,0,0,0
23931208,04094696028,max,2025-01-18,0.0,0.0,0.0,0.0,0.0,0.0,0.0,0.0,0.0,0,0,0,0,0,0,0,0
21782287,39257271584,viber,2025-01-19,0.0,0.0,0.0,14.086729565979487,0.0,0.0,14.086729565979487,0.0,14.086729565979487,0,1,0,1,0,0,46,0
11606517,31592905183,instagram,2025-01-19,0.0,0.0,0.0,0.0,0.0,0.0,0.0,0.0,0.0,0,0,0,0,0,0,0,0
11606517,16127177903,viber,2025-01-19,0.0,0.0,0.0,0.0,0.0,0.0,0.0,0.0,0.0,0,0,0,0,0,0,0,0
23931208,08272999992,telegram,2025-01-19,0.0,0.0,0.0,0.0,0.0,0.0,0.0,0.0,0.0,0,0,0,0,0,0,0,0
21782287,14389750255,whatsapp,2025-01-20,0.0,0.0,0.0,15.419544512566674,0.0,0.0,15.419544512566674,0.0,15.419544512566674,0,1,0,1,0,0,60,0
21782287,47570492622,instagram,2025-01-20,0.0,0.0,0.0,0.0,0.0,0.0,0.0,0.0,0.0,0,0,0,0,0,0,0,0
21782287,39257271584,viber,2025-01-20,0.0,0.0,0.0,0.0,0.0,0.0,0.0,0.0,0.0,0,0,0,0,0,0,0,0
11606517,55703215234,telegram,2025-01-20,0.0,0.0,0.0,0.0,0.0,0.0,0.0,0.0,0.0,0,0,0,0,0,0,0,0
23931208,08272999992,telegram,2025-01-20,0.0,0.0,0.0,0.0,0.0,0.0,0.0,0.0,0.0,0,0,0,0,0,0,0,0
23931208,08481159123,whatsapp,2025-01-20,0.0,0.0,0.0,0.0,0.0,0.0,0.0,0.0,0.0,0,0,0,0,0,0,0,0
21782287,04380376578,max,2025-01-21,0.0,0.0,0.0,0.0,0.0,0.0,0.0,0.0,0.0,0,0,0,0,0,0,0,0
21782287,47570492622,instagram,2025-01-21,0.0,0.0,0.0,0.0,0.0,0.0,0.0,0.0,0.0,0,0,0,0,0,0,0,0
21782287,39257271584,viber,2025-01-21,0.0,0.0,0.0,0.0,0.0,0.0,0.0,0.0,0.0,0,0,0,0,0,0,0,0
21782287,00736226975,max,2025-01-21,0.0,0.0,0.0,19.692079224893703,0.0,0.0,19.692079224893703,0.0,19.692079224893703,0,1,0,1,0,0,55,0
11606517,16127177903,viber,2025-01-21,0.0,0.0,0.0,0.0,0.0,0.0,0.0,0.0,0.0,0,0,0,0,0,0,0,0
11606517,96189766454,instagram,2025-01-21,0.0,0.0,0.0,0.0,0.0,0.0,0.0,0.0,0.0,0,0,0,0,0,0,0,0
11606517,05830274168,max,2025-01-21,0.0,0.0,0.0,0.0,0.0,0.0,0.0,0.0,0.0,0,0,0,0,0,0,0,0
23931208,06655885695,avito,2025-01-21,0.0,0.0,0.0,0.0,0.0,0.0,0.0,0.0,12.558202569897627,0,0,0,1,0,0,0,0
23931208,73375349743,viber,2025-01-21,0.0,0.0,0.0,0.0,0.0,0.0,0.0,0.0,0.0,0,0,0,0,0,0,0,0
23931208,55485246939,viber,2025-01-21,0.0,0.0,0.0,12.558202569897627,0.0,0.0,12.558202569897627,0.0,0.0,0,1,0,0,0,0,62,0
21782287,39257271584,viber,2025-01-22,0.0,0.0,0.0,13.656182152236488,0.0,0.0,13.656182152236488,0.0,0.0,0,1,0,0,0,0,63,0
21782287,00736226975,max,2025-01-22,2.005672709329499,0.0,0.0,0.0,0.0,0.0,0.0,0.0,15.661854861565986,0,0,0,1,0,0,0,0
11606517,63471832000,avito,2025-01-22,0.0,0.0,0.0,0.0,0.0,0.0,0.0,0.0,0.0,0,0,0,0,0,0,0,0
11606517,16127177903,viber,2025-01-22,0.0,0.0,0.0,0.0,0.0,0.0,0.0,0.0,0.0,0,0,0,0,0,0,0,0
23931208,95855921324,instagram,2025-01-22,0.0,0.0,0.0,0.0,0.0,0.0,0.0,0.0,0.0,0,0,0,0,0,0,0,0
23931208,08272999992,telegram,2025-01-22,0.0,0.0,0.0,0.0,0.0,0.0,0.0,0.0,0.0,0,0,0,0,0,0,0,0
21782287,04380376578,max,2025-01-23,2.005253486230473,0.0,0.0,11.800727457006177,0.0,0.0,11.800727457006177,0.0,13.80598094323665,0,1,0,1,0,0,55,0
11606517,66840296179,vk,2025-01-23,0.0,0.0,0.0,0.0,0.0,0.0,0.0,0.0,0.0,0,0,0,0,0,0,0,0
11606517,63471832000,avito,2025-01-23,0.0,0.0,0.0,0.0,0.0,0.0,0.0,0.0,0.0,0,0,0,0,0,0,0,0
11606517,30395009806,vk,2025-01-23,0.0,0.0,0.0,0.0,0.0,0.0,0.0,0.0,0.0,0,0,0,0,0,0,0,0
11606517,05830274168,max,2025-01-23,0.0,0.0,0.0,0.0,0.0,0.0,0.0,0.0,0.0,0,0,0,0,0,0,0,0
11606517,55703215234,telegram,2025-01-23,0.0,0.0,0.0,0.0,0.0,0.0,0.0,0.0,0.0,0,0,0,0,0,0,0,0
11606517,16127177903,viber,2025-01-23,0.0,0.0,0.0,0.0,0.0,0.0,0.0,0.0,0.0,0,0,0,0,0,0,0,0
11606517,96189766454,instagram,2025-01-23,0.0,0.0,0.0,0.0,0.0,0.0,0.0,0.0,0.0,0,0,0,0,0,0,0,0
11606517,26586996145,max,2025-01-23,0.0,0.0,0.0,0.0,0.0,0.0,0.0,0.0,0.0,0,0,0,0,0,0,0,0
11606517,31592905183,instagram,2025-01-23,0.0,0.0,0.0,0.0,0.0,0.0,0.0,0.0,0.0,0,0,0,0,0,0,0,0
11606517,37365772887,viber,2025-01-23,0.0,0.0,0.0,0.0,0.0,0.0,0.0,0.0,0.0,0,0,0,0,0,0,0,0
11606517,73898400391,max,2025-01-23,0.0,0.0,0.0,0.0,0.0,0.0,0.0,0.0,0.0,0,0,0,0,0,0,0,0
11606517,32836120500,avito,2025-01-23,0.0,0.0,0.0,0.0,0.0,0.0,0.0,0.0,0.0,0,0,0,0,0,0,0,0
11606517,99703465783,max,2025-01-23,0.0,0.0,0.0,0.0,0.0,0.0,0.0,0.0,0.0,0,0,0,0,0,0,0,0
11606517,23285228494,telegram,2025-01-23,0.0,0.0,0.0,0.0,0.0,0.0,0.0,0.0,0.0,0,0,0,0,0,0,0,0
11606517,80087159210,instagram,2025-01-23,0.0,0.0,0.0,0.0,0.0,0.0,0.0,0.0,0.0,0,0,0,0,0,0,0,0
23931208,85661428409,instagram,2025-01-23,0.0,0.0,0.0,0.0,0.0,0.0,0.0,0.0,0.0,0,0,0,0,0,0,0,0
23931208,58764457217,instagram,2025-01-23,0.0,0.0,0.0,0.0,0.0,0.0,0.0,0.0,0.0,0,0,0,0,0,0,0,0
23931208,95855921324,instagram,2025-01-23,0.0,0.0,0.0,0.0,0.0,0.0,0.0,0.0,0.0,0,0,0,0,0,0,0,0
23931208,08272999992,telegram,2025-01-23,0.0,0.0,0.0,0.0,0.0,0.0,0.0,0.0,0.0,0,0,0,0,0,0,0,0
23931208,57172805237,avito,2025-01-23,0.0,0.0,0.0,0.0,0.0,0.0,0.0,0.0,0.0,0,0,0,0,0,0,0,0
23931208,82629192419,avito,2025-01-23,0.0,0.0,0.0,0.0,0.0,0.0,0.0,0.0,0.0,0,0,0,0,0,0,0,0
23931208,55485246939,viber,2025-01-23,0.0,0.0,0.0,0.0,0.0,0.0,0.0,0.0,0.0,0,0,0,0,0,0,0,0
23931208,06655885695,avito,2025-01-23,0.0,0.0,0.0,0.0,0.0,0.0,0.0,0.0,0.0,0,0,0,0,0,0,0,0
23931208,11585672433,vk,2025-01-23,0.0,0.0,0.0,0.0,0.0,0.0,0.0,0.0,0.0,0,0,0,0,0,0,0,0
23931208,73375349743,viber,2025-01-23,0.0,0.0,0.0,0.0,0.0,0.0,0.0,0.0,0.0,0,0,0,0,0,0,0,0
23931208,04094696028,max,2025-01-23,0.0,0.0,0.0,0.0,0.0,0.0,0.0,0.0,0.0,0,0,0,0,0,0,0,0
23931208,08481159123,whatsapp,2025-01-23,0.0,0.0,0.0,0.0,0.0,0.0,0.0,0.0,0.0,0,0,0,0,0,0,0,0
23931208,56148939441,telegram,2025-01-23,0.0,0.0,0.0,0.0,0.0,0.0,0.0,0.0,0.0,0,0,0,0,0,0,0,0
21782287,39257271584,viber,2025-01-24,2.008649477327443,0.0,0.0,20.281625878002483,0.0,0.0,20.281625878002483,0.0,22.290275355329925,0,1,0,1,0,0,37,0
11606517,99703465783,max,2025-01-24,0.0,0.0,0.0,0.0,0.0,0.0,0.0,0.0,0.0,0,0,0,0,0,0,0,0
11606517,63471832000,avito,2025-01-24,0.0,0.0,0.0,0.0,0.0,0.0,0.0,0.0,0.0,0,0,0,0,0,0,0,0
23931208,08272999992,telegram,2025-01-24,0.0,0.0,0.0,0.0,0.0,0.0,0.0,0.0,0.0,0,0,0,0,0,0,0,0
21782287,39257271584,viber,2025-01-25,0.0,0.0,0.0,18.13866240115682,0.0,0.0,18.13866240115682,0.0,0.0,0,1,0,0,0,0,54,0
21782287,85859791991,whatsapp,2025-01-25,0.0,0.0,0.0,0.0,0.0,0.0,0.0,0.0,18.13866240115682,0,0,0,1,0,0,0,0
11606517,37365772887,viber,2025-01-25,0.0,0.0,0.0,0.0,0.0,0.0,0.0,0.0,0.0,0,0,0,0,0,0,0,0
11606517,16274348610,whatsapp,2025-01-25,0.0,0.0,0.0,0.0,0.0,0.0,0.0,0.0,0.0,0,0,0,0,0,0,0,0
23931208,82629192419,avito,2025-01-25,0.0,0.0,0.0,0.0,0.0,0.0,0.0,0.0,0.0,0,0,0,0,0,0,0,0
23931208,08272999992,telegram,2025-01-25,0.0,0.0,0.0,0.0,0.0,0.0,0.0,0.0,0.0,0,0,0,0,0,0,0,0
21782287,47570492622,instagram,2025-01-26,0.0,0.0,0.0,15.071562091758802,0.0,0.0,15.071562091758802,0.0,15.071562091758802,0,1,0,1,0,0,62,0
11606517,32836120500,avito,2025-01-26,0.0,0.0,0.0,0.0,0.0,0.0,0.0,0.0,0.0,0,0,0,0,0,0,0,0
11606517,96189766454,instagram,2025-01-26,0.0,0.0,0.0,0.0,0.0,0.0,0.0,0.0,0.0,0,0,0,0,0,0,0,0
11606517,99703465783,max,2025-01-26,0.0,0.0,0.0,0.0,0.0,0.0,0.0,0.0,0.0,0,0,0,0,0,0,0,0
23931208,08272999992,telegram,2025-01-26,0.0,0.0,0.0,0.0,0.0,0.0,0.0,0.0,0.0,0,0,0,0,0,0,0,0
23931208,56148939441,telegram,2025-01-26,0.0,0.0,0.0,0.0,0.0,0.0,0.0,0.0,0.0,0,0,0,0,0,0,0,0
21782287,45038593789,avito,2025-01-27,0.0,0.0,0.0,0.0,0.0,0.0,0.0,0.0,28.7591661922617,0,0,0,1,0,0,0,0
21782287,39257271584,viber,2025-01-27,0.0,0.0,0.0,28.7591661922617,0.0,0.0,28.7591661922617,0.0,0.0,0,1,0,0,0,0,94,0
11606517,63471832000,avito,2025-01-27,0.0,0.0,0.0,0.0,0.0,0.0,0.0,0.0,0.0,0,0,0,0,0,0,0,0
11606517,37365772887,viber,2025-01-27,0.0,0.0,0.0,0.0,0.0,0.0,0.0,0.0,0.0,0,0,0,0,0,0,0,0
11606517,16127177903,viber,2025-01-27,0.0,0.0,0.0,0.0,0.0,0.0,0.0,0.0,0.0,0,0,0,0,0,0,0,0
11606517,99703465783,max,2025-01-27,2.007541204541463,0.0,0.0,0.0,0.0,0.0,0.0,0.0,2.007541204541463,0,0,0,0,0,0,0,0
11606517,32836120500,avito,2025-01-27,0.0,0.0,0.0,0.0,0.0,0.0,0.0,0.0,0.0,0,0,0,0,0,0,0,0
23931208,08272999992,telegram,2025-01-27,0.0,0.0,0.0,30.671656883131757,0.0,0.0,30.671656883131757,0.0,30.671656883131757,0,1,0,1,0,0,137,0
23931208,55485246939,viber,2025-01-27,0.0,0.0,0.0,0.0,0.0,0.0,0.0,0.0,0.0,0,0,0,0,0,0,0,0
23931208,56148939441,telegram,2025-01-27,0.0,0.0,0.0,0.0,0.0,0.0,0.0,0.0,0.0,0,0,0,0,0,0,0,0
21782287,85859791991,whatsapp,2025-01-28,0.0,0.0,0.0,0.0,0.0,0.0,0.0,0.0,0.0,0,0,0,0,0,0,0,0
21782287,45038593789,avito,2025-01-28,0.0,0.0,0.0,0.0,0.0,0.0,0.0,0.0,0.0,0,0,0,0,0,0,0,0
21782287,75808774008,whatsapp,2025-01-28,0.0,0.0,0.0,0.0,0.0,0.0,0.0,0.0,0.0,0,0,0,0,0,0,0,0
21782287,04380376578,max,2025-01-28,0.0,0.0,0.0,0.0,0.0,0.0,0.0,0.0,0.0,0,0,0,0,0,0,0,0
21782287,47570492622,instagram,2025-01-28,0.0,0.0,0.0,0.0,0.0,0.0,0.0,0.0,0.0,0,0,0,0,0,0,0,0
21782287,00736226975,max,2025-01-28,0.0,0.0,0.0,0.0,0.0,0.0,0.0,0.0,0.0,0,0,0,0,0,0,0,0
21782287,78262410462,viber,2025-01-28,0.0,0.0,0.0,0.0,0.0,0.0,0.0,0.0,12.103022380406303,0,0,0,1,0,0,0,0
21782287,83906973088,max,2025-01-28,0.0,0.0,0.0,0.0,0.0,0.0,0.0,0.0,0.0,0,0,0,0,0,0,0,0
21782287,39257271584,viber,2025-01-28,0.0,0.0,0.0,12.103022380406303,0.0,0.0,12.103022380406303,0.0,0.0,0,1,0,0,0,0,27,0
21782287,18832197481,max,2025-01-28,0.0,0.0,0.0,0.0,0.0,0.0,0.0,0.0,0.0,0,0,0,0,0,0,0,0
11606517,62179202986,telegram,2025-01-28,0.0,0.0,0.0,0.0,0.0,0.0,0.0,0.0,0.0,0,0,0,0,0,0,0,0
11606517,16127177903,viber,2025-01-28,0.0,0.0,0.0,0.0,0.0,0.0,0.0,0.0,0.0,0,0,0,0,0,0,0,0
23931208,08272999992,telegram,2025-01-28,0.0,0.0,0.0,0.0,0.0,0.0,0.0,0.0,0.0,0,0,0,0,0,0,0,0
21782287,39257271584,viber,2025-01-29,0.0,0.0,0.0,20.538071322168978,0.0,0.0,20.538071322168978,0.0,20.538071322168978,0,1,0,1,0,0,69,0
21782287,00736226975,max,2025-01-29,0.0,0.0,0.0,0.0,0.0,0.0,0.0,0.0,0.0,0,0,0,0,0,0,0,0
11606517,32836120500,avito,2025-01-29,0.0,0.0,0.0,0.0,0.0,0.0,0.0,0.0,0.0,0,0,0,0,0,0,0,0
11606517,05830274168,max,2025-01-29,0.0,0.0,0.0,0.0,0.0,0.0,0.0,0.0,0.0,0,0,0,0,0,0,0,0
11606517,16127177903,viber,2025-01-29,0.0,0.0,0.0,0.0,0.0,0.0,0.0,0.0,0.0,0,0,0,0,0,0,0,0
11606517,63471832000,avito,2025-01-29,0.0,0.0,0.0,0.0,0.0,0.0,0.0,0.0,0.0,0,0,0,0,0,0,0,0
11606517,40796143036,telegram,2025-01-29,0.0,0.0,0.0,0.0,0.0,0.0,0.0,0.0,0.0,0,0,0,0,0,0,0,0
23931208,08272999992,telegram,2025-01-29,0.0,0.0,0.0,45.474344550864394,0.0,0.0,45.474344550864394,0.0,45.474344550864394,0,1,0,1,0,0,107,0
23931208,55485246939,viber,2025-01-29,0.0,0.0,0.0,0.0,0.0,0.0,0.0,0.0,0.0,0,0,0,0,0,0,0,0
21782287,00736226975,max,2025-01-30,0.0,0.0,0.0,0.0,0.0,0.0,0.0,0.0,14.426745519714595,0,0,0,1,0,0,0,0
21782287,75808774008,whatsapp,2025-01-30,0.0,0.0,0.0,0.0,0.0,0.0,0.0,0.0,0.0,0,0,0,0,0,0,0,0
21782287,47570492622,instagram,2025-01-30,0.0,0.0,0.0,0.0,0.0,0.0,0.0,0.0,0.0,0,0,0,0,0,0,0,0
21782287,45038593789,avito,2025-01-30,0.0,0.0,0.0,14.426745519714595,0.0,0.0,14.426745519714595,0.0,0.0,0,1,0,0,0,0,86,0
11606517,16127177903,viber,2025-01-30,0.0,0.0,0.0,0.0,0.0,0.0,0.0,0.0,0.0,0,0,0,0,0,0,0,0
11606517,05830274168,max,2025-01-30,0.0,0.0,0.0,0.0,0.0,0.0,0.0,0.0,0.0,0,0,0,0,0,0,0,0
11606517,32836120500,avito,2025-01-30,0.0,0.0,0.0,0.0,0.0,0.0,0.0,0.0,0.0,0,0,0,0,0,0,0,0
11606517,96189766454,instagram,2025-01-30,0.0,0.0,0.0,0.0,0.0,0.0,0.0,0.0,0.0,0,0,0,0,0,0,0,0
11606517,55703215234,telegram,2025-01-30,0.0,0.0,0.0,0.0,0.0,0.0,0.0,0.0,0.0,0,0,0,0,0,0,0,0
11606517,37365772887,viber,2025-01-30,0.0,0.0,0.0,0.0,0.0,0.0,0.0,0.0,0.0,0,0,0,0,0,0,0,0
23931208,08481159123,whatsapp,2025-01-30,0.0,0.0,0.0,0.0,0.0,0.0,0.0,0.0,0.0,0,0,0,0,0,0,0,0
23931208,55485246939,viber,2025-01-30,0.0,0.0,0.0,0.0,0.0,0.0,0.0,0.0,0.0,0,0,0,0,0,0,0,0
21782287,39257271584,viber,2025-01-31,0.0,0.0,0.0,26.73010582152852,0.0,0.0,26.73010582152852,0.0,26.73010582152852,0,1,0,1,0,0,56,0
11606517,16274348610,whatsapp,2025-01-31,0.0,0.0,0.0,0.0,0.0,0.0,0.0,0.0,0.0,0,0,0,0,0,0,0,0
11606517,16127177903,viber,2025-01-31,0.0,0.0,0.0,0.0,0.0,0.0,0.0,0.0,0.0,0,0,0,0,0,0,0,0
11606517,54236440230,avito,2025-01-31,0.0,0.0,0.0,0.0,0.0,0.0,0.0,0.0,0.0,0,0,0,0,0,0,0,0
23931208,55485246939,viber,2025-01-31,0.0,0.0,0.0,0.0,0.0,0.0,0.0,0.0,0.0,0,0,0,0,0,0,0,0
21782287,39257271584,viber,2025-02-01,0.0,0.0,0.0,27.18096065376714,0.0,0.0,27.18096065376714,0.0,27.18096065376714,0,1,0,1,0,0,62,0
11606517,07182214050,instagram,2025-02-01,0.0,0.0,0.0,0.0,0.0,0.0,0.0,0.0,0.0,0,0,0,0,0,0,0,0
11606517,32836120500,avito,2025-02-01,0.0,0.0,0.0,0.0,0.0,0.0,0.0,0.0,0.0,0,0,0,0,0,0,0,0
11606517,37365772887,viber,2025-02-01,0.0,0.0,0.0,0.0,0.0,0.0,0.0,0.0,0.0,0,0,0,0,0,0,0,0
11606517,05830274168,max,2025-02-01,0.0,0.0,0.0,0.0,0.0,0.0,0.0,0.0,0.0,0,0,0,0,0,0,0,0
11606517,33932214573,avito,2025-02-01,0.0,0.0,0.0,0.0,0.0,0.0,0.0,0.0,0.0,0,0,0,0,0,0,0,0
23931208,08272999992,telegram,2025-02-01,0.0,0.0,0.0,31.78558117445722,0.0,0.0,31.78558117445722,0.0,31.78558117445722,0,1,0,1,0,0,94,0
21782287,47570492622,instagram,2025-02-02,0.0,0.0,0.0,0.0,0.0,0.0,0.0,0.0,0.0,0,0,0,0,0,0,0,0
21782287,83906973088,max,2025-02-02,0.0,0.0,0.0,0.0,0.0,0.0,0.0,0.0,0.0,0,0,0,0,0,0,0,0
21782287,00736226975,max,2025-02-02,0.0,0.0,0.0,18.486750347744493,0.0,0.0,18.486750347744493,0.0,18.486750347744493,0,1,0,1,0,0,27,0
11606517,09697788870,whatsapp,2025-02-02,0.0,0.0,0.0,0.0,0.0,0.0,0.0,0.0,0.0,0,0,0,0,0,0,0,0
11606517,07182214050,instagram,2025-02-02,0.0,0.0,0.0,0.0,0.0,0.0,0.0,0.0,0.0,0,0,0,0,0,0,0,0
11606517,32836120500,avito,2025-02-02,0.0,0.0,0.0,0.0,0.0,0.0,0.0,0.0,0.0,0,0,0,0,0,0,0,0
11606517,16127177903,viber,2025-02-02,0.0,0.0,0.0,0.0,0.0,0.0,0.0,0.0,0.0,0,0,0,0,0,0,0,0
11606517,33932214573,avito,2025-02-02,0.0,0.0,0.0,0.0,0.0,0.0,0.0,0.0,0.0,0,0,0,0,0,0,0,0
11606517,37365772887,viber,2025-02-02,2.014357317993286,0.0,0.0,0.0,0.0,0.0,0.0,0.0,2.014357317993286,0,0,0,0,0,0,0,0
23931208,55485246939,viber,2025-02-02,2.012382285410996,3.433790557844108,3.433790557844108,0.0,0.0,0.0,0.0,3.860113969261888,9.306286812516992,1,0,1,2,1,29,0,55
21782287,45038593789,avito,2025-02-03,0.0,0.0,0.0,18.970228544247245,0.0,0.0,18.970228544247245,0.0,18.970228544247245,0,1,0,1,0,0,96,0
11606517,37365772887,viber,2025-02-03,0.0,0.0,0.0,0.0,0.0,0.0,0.0,4.340996670791756,0.0,0,0,1,0,0,0,0,49
11606517,33932214573,avito,2025-02-03,0.0,0.0,0.0,0.0,0.0,0.0,0.0,0.0,0.0,0,0,0,0,0,0,0,0
11606517,07182214050,instagram,2025-02-03,2.009231308664452,0.0,0.0,0.0,0.0,0.0,0.0,0.0,6.350227979456208,0,0,0,1,0,0,0,0
11606517,32836120500,avito,2025-02-03,0.0,0.0,0.0,0.0,0.0,0.0,0.0,0.0,0.0,0,0,0,0,0,0,0,0
11606517,31592905183,instagram,2025-02-03,0.0,0.0,0.0,0.0,0.0,0.0,0.0,0.0,0.0,0,0,0,0,0,0,0,0
23931208,08272999992,telegram,2025-02-03,0.0,5.066839318210036,5.066839318210036,30.97210897709646,0.0,0.0,30.97210897709646,2.340227257678138,38.379175552984634,1,1,1,3,1,36,75,32
21782287,39257271584,viber,2025-02-04,2.0119317298713884,0.0,0.0,0.0,0.0,0.0,0.0,0.0,18.472273335541995,0,0,0,1,0,0,0,0
21782287,92378331609,avito,2025-02-04,0.0,0.0,0.0,16.460341605670607,0.0,0.0,16.460341605670607,0.0,0.0,0,1,0,0,0,0,49,0
11606517,37365772887,viber,2025-02-04,0.0,0.0,0.0,0.0,0.0,0.0,0.0,0.0,0.0,0,0,0,0,0,0,0,0
11606517,07182214050,instagram,2025-02-04,0.0,0.0,0.0,0.0,0.0,0.0,0.0,0.0,4.831651846856056,0,0,0,2,1,0,0,0
11606517,32836120500,avito,2025-02-04,0.0,0.0,0.0,0.0,0.0,0.0,0.0,0.0,0.0,0,0,0,0,0,0,0,0
11606517,33932214573,avito,2025-02-04,0.0,0.0,0.0,0.0,0.0,0.0,0.0,0.0,0.0,0,0,0,0,0,0,0,0
11606517,16127177903,viber,2025-02-04,0.0,0.0,0.0,0.0,0.0,0.0,0.0,1.88137718368381,0.0,0,0,1,0,0,0,0,21
11606517,31592905183,instagram,2025-02-04,0.0,2.9502746631722467,2.9502746631722467,0.0,0.0,0.0,0.0,0.0,0.0,1,0,0,0,0,26,0,0
11606517,55703215234,telegram,2025-02-04,0.0,0.0,0.0,0.0,0.0,0.0,0.0,0.0,0.0,0,0,0,0,0,0,0,0
23931208,55485246939,viber,2025-02-04,0.0,14.209940390874358,14.209940390874358,0.0,0.0,0.0,0.0,20.33286102746692,0.0,1,0,1,0,0,29,0,31
23931208,85661428409,instagram,2025-02-04,0.0,0.0,0.0,18.97570702006643,0.0,0.0,18.97570702006643,0.0,53.51850843840771,0,1,0,3,1,0,61,0
21782287,47570492622,instagram,2025-02-05,0.0,0.0,0.0,9.974616138129466,0.0,0.0,9.974616138129466,0.0,0.0,0,1,0,0,0,0,64,0
21782287,39257271584,viber,2025-02-05,0.0,0.0,0.0,0.0,0.0,0.0,0.0,0.0,0.0,0,0,0,0,0,0,0,0
21782287,45038593789,avito,2025-02-05,0.0,0.0,0.0,0.0,0.0,0.0,0.0,0.0,9.974616138129466,0,0,0,1,0,0,0,0
21782287,75808774008,whatsapp,2025-02-05,0.0,0.0,0.0,0.0,0.0,0.0,0.0,0.0,0.0,0,0,0,0,0,0,0,0
11606517,32836120500,avito,2025-02-05,0.0,0.0,0.0,0.0,0.0,0.0,0.0,2.950895415700484,11.244820308319031,0,0,1,2,1,0,0,43
11606517,40796143036,telegram,2025-02-05,0.0,0.0,0.0,0.0,0.0,0.0,0.0,0.0,0.0,0,0,0,0,0,0,0,0
11606517,33932214573,avito,2025-02-05,0.0,8.293924892618548,8.293924892618548,0.0,0.0,0.0,0.0,0.0,0.0,1,0,0,0,0,18,0,0
23931208,08481159123,whatsapp,2025-02-05,0.0,5.429830940647156,5.429830940647156,0.0,0.0,0.0,0.0,5.349863174347164,10.77969411499432,1,0,1,2,1,36,0,36
21782287,85859791991,whatsapp,2025-02-06,0.0,0.0,0.0,32.35938633876202,0.0,0.0,32.35938633876202,0.0,0.0,0,1,0,0,0,0,92,0
21782287,45038593789,avito,2025-02-06,0.0,0.0,0.0,0.0,0.0,0.0,0.0,0.0,0.0,0,0,0,0,0,0,0,0
21782287,75808774008,whatsapp,2025-02-06,0.0,0.0,0.0,0.0,0.0,0.0,0.0,0.0,0.0,0,0,0,0,0,0,0,0
21782287,47570492622,instagram,2025-02-06,0.0,0.0,0.0,0.0,0.0,0.0,0.0,7.434155674281133,0.0,0,0,1,0,0,0,0,65
21782287,00736226975,max,2025-02-06,0.0,0.0,0.0,0.0,0.0,0.0,0.0,0.0,0.0,0,0,0,0,0,0,0,0
21782287,78262410462,viber,2025-02-06,0.0,0.0,0.0,0.0,0.0,0.0,0.0,0.0,0.0,0,0,0,0,0,0,0,0
21782287,83906973088,max,2025-02-06,0.0,0.0,0.0,0.0,0.0,0.0,0.0,0.0,0.0,0,0,0,0,0,0,0,0
21782287,39257271584,viber,2025-02-06,0.0,0.0,0.0,0.0,0.0,0.0,0.0,0.0,0.0,0,0,0,0,0,0,0,0
21782287,18832197481,max,2025-02-06,0.0,0.0,0.0,0.0,0.0,0.0,0.0,0.0,0.0,0,0,0,0,0,0,0,0
21782287,92378331609,avito,2025-02-06,0.0,0.0,0.0,0.0,0.0,0.0,0.0,0.0,39.79354201304315,0,0,0,2,1,0,0,0
11606517,33932214573,avito,2025-02-06,0.0,0.0,0.0,0.0,0.0,0.0,0.0,0.0,0.0,0,0,0,0,0,0,0,0
11606517,85193315779,telegram,2025-02-06,0.0,0.0,0.0,0.0,0.0,0.0,0.0,1.4955315620736949,0.0,0,0,1,0,0,0,0,23
11606517,37365772887,viber,2025-02-06,0.0,6.90469725257081,6.90469725257081,0.0,0.0,0.0,0.0,0.0,8.400228814644505,1,0,0,2,1,30,0,0
11606517,32836120500,avito,2025-02-06,0.0,0.0,0.0,0.0,0.0,0.0,0.0,0.0,0.0,0,0,0,0,0,0,0,0
23931208,73375349743,viber,2025-02-06,2.006263587970763,3.3292622414534967,3.3292622414534967,0.0,0.0,0.0,0.0,3.1380138158525384,8.473539645276798,1,0,1,2,1,33,0,57
21782287,45038593789,avito,2025-02-07,2.0080329576527043,0.0,0.0,17.579015454493543,0.0,0.0,17.579015454493543,3.2676105967451896,22.85465900889144,0,1,1,2,1,0,51,28
11606517,07182214050,instagram,2025-02-07,0.0,0.0,0.0,0.0,0.0,0.0,0.0,0.0,12.552194805673722,0,0,0,2,1,0,0,0
11606517,16127177903,viber,2025-02-07,0.0,5.344059202446339,5.344059202446339,0.0,0.0,0.0,0.0,7.208135603227383,0.0,1,0,1,0,0,27,0,44
23931208,08272999992,telegram,2025-02-07,2.007401344830587,6.914273342231102,6.914273342231102,0.0,0.0,0.0,0.0,1.9942381250480938,10.915912812109783,1,0,1,2,1,39,0,45
21782287,47570492622,instagram,2025-02-08,0.0,0.0,0.0,32.679500625619106,0.0,0.0,32.679500625619106,16.2895415769552,48.96904220257431,0,1,1,2,1,0,100,39
11606517,55703215234,telegram,2025-02-08,0.0,0.0,0.0,0.0,0.0,0.0,0.0,0.0,11.232949990231205,0,0,0,2,1,0,0,0
11606517,85193315779,telegram,2025-02-08,0.0,0.0,0.0,0.0,0.0,0.0,0.0,0.0,0.0,0,0,0,0,0,0,0,0
11606517,16127177903,viber,2025-02-08,0.0,7.76644764752203,7.76644764752203,0.0,0.0,0.0,0.0,3.4665023427091755,0.0,1,0,1,0,0,28,0,59
23931208,55485246939,viber,2025-02-08,0.0,7.496187280846961,7.496187280846961,0.0,0.0,0.0,0.0,1.5473220584582006,0.0,1,0,1,0,0,45,0,43
23931208,08481159123,whatsapp,2025-02-08,0.0,0.0,0.0,0.0,0.0,0.0,0.0,0.0,9.043509339305162,0,0,0,2,1,0,0,0
21782287,45038593789,avito,2025-02-09,0.0,0.0,0.0,24.650081559439858,0.0,0.0,24.650081559439858,6.731732677584958,31.381814237024816,0,1,1,2,1,0,52,70
11606517,54236440230,avito,2025-02-09,0.0,0.0,0.0,0.0,0.0,0.0,0.0,0.0,0.0,0,0,0,0,0,0,0,0
11606517,32836120500,avito,2025-02-09,2.007424384137788,0.0,0.0,0.0,0.0,0.0,0.0,0.0,12.818364866058687,0,0,0,2,1,0,0,0
11606517,09697788870,whatsapp,2025-02-09,0.0,4.089541613374235,4.089541613374235,0.0,0.0,0.0,0.0,6.721398868546664,0.0,1,0,1,0,0,37,0,26
23931208,11585672433,vk,2025-02-09,0.0,3.9296737121405667,3.9296737121405667,0.0,0.0,0.0,0.0,14.126151281231623,18.05582499337219,1,0,1,2,1,31,0,31
21782287,45038593789,avito,2025-02-10,2.006834008980397,0.0,0.0,12.896134287891455,0.0,0.0,12.896134287891455,5.788150055382469,20.69111835225432,0,1,1,2,1,0,74,47
11606517,40796143036,telegram,2025-02-10,0.0,8.41751997937387,8.41751997937387,0.0,0.0,0.0,0.0,2.4587570181548215,10.876276997528691,1,0,1,2,1,20,0,36
23931208,55485246939,viber,2025-02-10,2.012425671220975,5.147663261454328,5.147663261454328,0.0,0.0,0.0,0.0,0.0,13.64106119028415,1,0,0,2,1,20,0,0
23931208,08272999992,telegram,2025-02-10,0.0,0.0,0.0,0.0,0.0,0.0,0.0,6.480972257608847,0.0,0,0,1,0,0,0,0,50
21782287,47570492622,instagram,2025-02-11,2.006531437290911,0.0,0.0,0.0,0.0,0.0,0.0,0.0,47.180175062050296,0,0,0,3,1,0,0,0
21782287,75808774008,whatsapp,2025-02-11,0.0,0.0,0.0,0.0,0.0,0.0,0.0,0.0,0.0,0,0,0,0,0,0,0,0
21782287,00736226975,max,2025-02-11,0.0,3.870154651111406,3.870154651111406,39.40187192506186,0.0,0.0,39.40187192506186,1.9016170485861152,0.0,1,1,1,0,0,35,102,44
21782287,75026598794,viber,2025-02-11,0.0,0.0,0.0,0.0,0.0,0.0,0.0,0.0,0.0,0,0,0,0,0,0,0,0
11606517,32836120500,avito,2025-02-11,0.0,0.0,0.0,0.0,0.0,0.0,0.0,0.0,0.0,0,0,0,0,0,0,0,0
11606517,33932214573,avito,2025-02-11,0.0,0.0,0.0,0.0,0.0,0.0,0.0,0.0,0.0,0,0,0,0,0,0,0,0
11606517,07182214050,instagram,2025-02-11,0.0,6.517281806085084,6.517281806085084,0.0,0.0,0.0,0.0,0.0,0.0,1,0,0,0,0,24,0,0
11606517,55703215234,telegram,2025-02-11,0.0,0.0,0.0,0.0,0.0,0.0,0.0,3.3508654464712504,9.868147252556334,0,0,1,2,1,0,0,34
23931208,08272999992,telegram,2025-02-11,0.0,4.416936637037284,4.416936637037284,0.0,0.0,0.0,0.0,8.593517882228381,13.010454519265664,1,0,1,2,1,21,0,45
23931208,55485246939,viber,2025-02-11,0.0,0.0,0.0,0.0,0.0,0.0,0.0,0.0,0.0,0,0,0,0,0,0,0,0
23931208,04094696028,max,2025-02-11,0.0,0.0,0.0,0.0,0.0,0.0,0.0,0.0,0.0,0,0,0,0,0,0,0,0
21782287,39257271584,viber,2025-02-12,0.0,0.0,0.0,0.0,0.0,0.0,0.0,2.6432077565510435,0.0,0,0,1,0,0,0,0,28
21782287,76466722856,telegram,2025-02-12,0.0,0.0,0.0,17.36137313393884,0.0,0.0,17.36137313393884,0.0,0.0,0,1,0,0,0,0,47,0
21782287,25780840970,avito,2025-02-12,2.0115331238608984,0.0,0.0,0.0,0.0,0.0,0.0,0.0,22.016114014350784,0,0,0,2,1,0,0,0
11606517,66840296179,vk,2025-02-12,0.0,8.126893899551867,8.126893899551867,0.0,0.0,0.0,0.0,1.9302904411416821,10.05718434069355,1,0,1,2,1,23,0,38
23931208,11585672433,vk,2025-02-12,0.0,3.4047314040482206,3.4047314040482206,8.630590741877537,0.0,0.0,8.630590741877537,5.337491282492057,17.372813428417814,1,1,1,3,1,24,49,39
21782287,39257271584,viber,2025-02-13,0.0,20.368369383248847,20.368369383248847,21.97063719005762,0.0,0.0,21.97063719005762,6.641782079550774,48.980788652857235,1,1,1,3,1,31,66,34
11606517,55703215234,telegram,2025-02-13,0.0,15.546117762827487,15.546117762827487,0.0,0.0,0.0,0.0,2.9484440258243834,0.0,1,0,1,0,0,32,0,32
11606517,96189766454,instagram,2025-02-13,0.0,0.0,0.0,0.0,0.0,0.0,0.0,0.0,18.494561788651872,0,0,0,2,1,0,0,0
23931208,08272999992,telegram,2025-02-13,0.0,0.0,0.0,0.0,0.0,0.0,0.0,0.0,0.0,0,0,0,0,0,0,0,0
23931208,95855921324,instagram,2025-02-13,0.0,6.376409075834817,6.376409075834817,0.0,0.0,0.0,0.0,0.0,0.0,1,0,0,0,0,37,0,0
23931208,55485246939,viber,2025-02-13,0.0,0.0,0.0,0.0,0.0,0.0,0.0,3.096398583152709,9.472807658987527,0,0,1,2,1,0,0,32
21782287,75026598794,viber,2025-02-14,0.0,0.0,0.0,0.0,0.0,0.0,0.0,0.0,0.0,0,0,0,0,0,0,0,0
21782287,47570492622,instagram,2025-02-14,0.0,0.0,0.0,0.0,0.0,0.0,0.0,0.0,0.0,0,0,0,0,0,0,0,0
21782287,76466722856,telegram,2025-02-14,0.0,0.0,0.0,0.0,0.0,0.0,0.0,0.0,0.0,0,0,0,0,0,0,0,0
21782287,45038593789,avito,2025-02-14,0.0,9.545970342094039,9.545970342094039,14.975717452215447,0.0,0.0,14.975717452215447,0.0,0.0,1,1,0,0,0,48,50,0
21782287,25780840970,avito,2025-02-14,0.0,0.0,0.0,0.0,0.0,0.0,0.0,7.984871410803265,32.50655920511275,0,0,1,3,1,0,0,63
11606517,07182214050,instagram,2025-02-14,0.0,0.0,0.0,0.0,0.0,0.0,0.0,0.0,0.0,0,0,0,0,0,0,0,0
11606517,33932214573,avito,2025-02-14,0.0,7.767948286940991,7.767948286940991,0.0,0.0,0.0,0.0,0.0,0.0,1,0,0,0,0,32,0,0
11606517,16127177903,viber,2025-02-14,0.0,0.0,0.0,0.0,0.0,0.0,0.0,0.0,0.0,0,0,0,0,0,0,0,0
11606517,52606052688,telegram,2025-02-14,0.0,0.0,0.0,0.0,0.0,0.0,0.0,0.0,0.0,0,0,0,0,0,0,0,0
11606517,23285228494,telegram,2025-02-14,0.0,0.0,0.0,0.0,0.0,0.0,0.0,0.0,0.0,0,0,0,0,0,0,0,0
11606517,32836120500,avito,2025-02-14,0.0,0.0,0.0,0.0,0.0,0.0,0.0,0.0,7.767948286940991,0,0,0,1,0,0,0,0
11606517,31592905183,instagram,2025-02-14,0.0,0.0,0.0,0.0,0.0,0.0,0.0,0.0,0.0,0,0,0,0,0,0,0,0
23931208,11585672433,vk,2025-02-14,0.0,12.116417940799298,12.116417940799298,11.589515757848226,0.0,0.0,11.589515757848226,8.548240241975439,32.25417394062296,1,1,1,3,1,40,34,53
21782287,76466722856,telegram,2025-02-15,0.0,0.0,0.0,0.0,0.0,0.0,0.0,4.712464300816759,25.92720445292696,0,0,1,2,1,0,0,35
21782287,75026598794,viber,2025-02-15,0.0,0.0,0.0,21.214740152110203,0.0,0.0,21.214740152110203,0.0,0.0,0,1,0,0,0,0,57,0
11606517,32836120500,avito,2025-02-15,0.0,5.223762600588698,5.223762600588698,0.0,0.0,0.0,0.0,0.0,5.223762600588698,1,0,0,1,0,47,0,0
11606517,55703215234,telegram,2025-02-15,0.0,0.0,0.0,0.0,0.0,0.0,0.0,0.0,0.0,0,0,0,0,0,0,0,0
23931208,08272999992,telegram,2025-02-15,0.0,4.627934139310795,4.627934139310795,0.0,0.0,0.0,0.0,8.593340269481438,13.221274408792233,1,0,1,2,1,48,0,31
21782287,76466722856,telegram,2025-02-16,0.0,0.0,0.0,0.0,0.0,0.0,0.0,0.0,27.24877750958731,0,0,0,2,1,0,0,0
21782287,45038593789,avito,2025-02-16,0.0,0.0,0.0,0.0,0.0,0.0,0.0,3.0130542007171255,0.0,0,0,1,0,0,0,0,57
21782287,75026598794,viber,2025-02-16,0.0,0.0,0.0,24.235723308870185,0.0,0.0,24.235723308870185,0.0,0.0,0,1,0,0,0,0,63,0
11606517,55703215234,telegram,2025-02-16,2.009121773218208,7.599763176300337,7.599763176300337,0.0,0.0,0.0,0.0,0.0,9.608884949518545,1,0,0,1,0,40,0,0
23931208,85661428409,instagram,2025-02-16,0.0,0.0,0.0,0.0,0.0,0.0,0.0,0.0,0.0,0,0,0,0,0,0,0,0
23931208,58764457217,instagram,2025-02-16,0.0,0.0,0.0,0.0,0.0,0.0,0.0,0.0,0.0,0,0,0,0,0,0,0,0
23931208,95855921324,instagram,2025-02-16,0.0,0.0,0.0,0.0,0.0,0.0,0.0,0.0,0.0,0,0,0,0,0,0,0,0
23931208,08272999992,telegram,2025-02-16,0.0,0.0,0.0,19.659945243203044,0.0,0.0,19.659945243203044,0.0,0.0,0,1,0,0,0,0,24,0
23931208,55485246939,viber,2025-02-16,0.0,0.0,0.0,0.0,0.0,0.0,0.0,0.0,0.0,0,0,0,0,0,0,0,0
23931208,11585672433,vk,2025-02-16,0.0,7.468328705104703,7.468328705104703,0.0,0.0,0.0,0.0,0.0,0.0,1,0,0,0,0,22,0,0
23931208,04094696028,max,2025-02-16,0.0,0.0,0.0,0.0,0.0,0.0,0.0,6.7638347958402205,0.0,0,0,1,0,0,0,0,22
23931208,14686373482,whatsapp,2025-02-16,0.0,0.0,0.0,0.0,0.0,0.0,0.0,0.0,33.89210874414797,0,0,0,3,1,0,0,0
21782287,45038593789,avito,2025-02-17,0.0,0.0,0.0,22.078958192381126,0.0,0.0,22.078958192381126,4.375926934237765,0.0,0,1,1,0,0,0,53,64
21782287,09519908696,vk,2025-02-17,0.0,0.0,0.0,0.0,0.0,0.0,0.0,0.0,0.0,0,0,0,0,0,0,0,0
21782287,39257271584,viber,2025-02-17,2.0081894962721054,0.0,0.0,0.0,0.0,0.0,0.0,0.0,28.463074622890996,0,0,0,2,1,0,0,0
11606517,56507791063,avito,2025-02-17,0.0,0.0,0.0,0.0,0.0,0.0,0.0,0.0,0.0,0,0,0,0,0,0,0,0
11606517,32926245959,telegram,2025-02-17,0.0,3.51350645698997,3.51350645698997,0.0,0.0,0.0,0.0,0.0,0.0,1,0,0,0,0,21,0,0
11606517,31592905183,instagram,2025-02-17,0.0,0.0,0.0,0.0,0.0,0.0,0.0,0.0,0.0,0,0,0,0,0,0,0,0
11606517,40796143036,telegram,2025-02-17,0.0,0.0,0.0,0.0,0.0,0.0,0.0,0.0,3.51350645698997,0,0,0,1,0,0,0,0
23931208,08272999992,telegram,2025-02-17,0.0,0.0,0.0,0.0,0.0,0.0,0.0,0.0,0.0,0,0,0,0,0,0,0,0
23931208,95855921324,instagram,2025-02-17,0.0,4.815596929476148,4.815596929476148,0.0,0.0,0.0,0.0,14.154771291169263,18.970368220645412,1,0,1,2,1,25,0,56
21782287,24022627614,max,2025-02-18,0.0,0.0,0.0,0.0,0.0,0.0,0.0,10.245528342960448,0.0,0,0,1,0,0,0,0,54
21782287,00736226975,max,2025-02-18,0.0,0.0,0.0,19.41654196775433,0.0,0.0,19.41654196775433,0.0,29.66207031071478,0,1,0,2,1,0,46,0
21782287,76466722856,telegram,2025-02-18,0.0,0.0,0.0,0.0,0.0,0.0,0.0,0.0,0.0,0,0,0,0,0,0,0,0
11606517,33932214573,avito,2025-02-18,0.0,0.0,0.0,0.0,0.0,0.0,0.0,0.0,0.0,0,0,0,0,0,0,0,0
11606517,32836120500,avito,2025-02-18,0.0,0.0,0.0,0.0,0.0,0.0,0.0,0.0,5.233120135081112,0,0,0,1,0,0,0,0
11606517,96189766454,instagram,2025-02-18,0.0,0.0,0.0,0.0,0.0,0.0,0.0,0.0,0.0,0,0,0,0,0,0,0,0
11606517,31592905183,instagram,2025-02-18,0.0,5.233120135081112,5.233120135081112,0.0,0.0,0.0,0.0,0.0,0.0,1,0,0,0,0,28,0,0
23931208,55485246939,viber,2025-02-18,0.0,0.0,0.0,0.0,0.0,0.0,0.0,1.9724466184142504,17.72416218757066,0,0,1,3,1,0,0,40
23931208,10110616593,instagram,2025-02-18,0.0,6.339900943441672,6.339900943441672,9.411814625714738,0.0,0.0,9.411814625714738,0.0,0.0,1,1,0,0,0,53,58,0
21782287,76466722856,telegram,2025-02-19,0.0,0.0,0.0,23.68225627067795,0.0,0.0,23.68225627067795,0.0,31.768048310642495,0,1,0,3,1,0,51,0
21782287,45038593789,avito,2025-02-19,0.0,4.226168208002536,4.226168208002536,0.0,0.0,0.0,0.0,0.0,0.0,1,0,0,0,0,29,0,0
21782287,24022627614,max,2025-02-19,0.0,0.0,0.0,0.0,0.0,0.0,0.0,3.8596238319620064,0.0,0,0,1,0,0,0,0,26
11606517,33932214573,avito,2025-02-19,0.0,3.159969243691993,3.159969243691993,0.0,0.0,0.0,0.0,0.0,0.0,1,0,0,0,0,27,0,0
11606517,32926245959,telegram,2025-02-19,0.0,0.0,0.0,0.0,0.0,0.0,0.0,0.0,0.0,0,0,0,0,0,0,0,0
11606517,32836120500,avito,2025-02-19,2.005493858707983,0.0,0.0,0.0,0.0,0.0,0.0,0.0,5.1654631023999755,0,0,0,1,0,0,0,0
23931208,08272999992,telegram,2025-02-19,2.009262510485696,5.740681519047494,5.740681519047494,17.198026980603533,0.0,0.0,17.198026980603533,1.7281743496869684,26.676145359823693,1,1,1,3,1,22,80,41
21782287,24022627614,max,2025-02-20,0.0,0.0,0.0,0.0,0.0,0.0,0.0,1.3775159970871238,0.0,0,0,1,0,0,0,0,25
21782287,75026598794,viber,2025-02-20,0.0,0.0,0.0,0.0,0.0,0.0,0.0,0.0,0.0,0,0,0,0,0,0,0,0
21782287,28439713457,max,2025-02-20,0.0,0.0,0.0,0.0,0.0,0.0,0.0,0.0,0.0,0,0,0,0,0,0,0,0
21782287,47570492622,instagram,2025-02-20,0.0,0.0,0.0,14.55591788253821,0.0,0.0,14.55591788253821,0.0,15.933433879625333,0,1,0,2,1,0,54,0
21782287,76466722856,telegram,2025-02-20,0.0,0.0,0.0,0.0,0.0,0.0,0.0,0.0,0.0,0,0,0,0,0,0,0,0
11606517,52606052688,telegram,2025-02-20,0.0,0.0,0.0,0.0,0.0,0.0,0.0,0.0,0.0,0,0,0,0,0,0,0,0
11606517,85193315779,telegram,2025-02-20,0.0,0.0,0.0,0.0,0.0,0.0,0.0,0.0,0.0,0,0,0,0,0,0,0,0
11606517,62179202986,telegram,2025-02-20,0.0,0.0,0.0,0.0,0.0,0.0,0.0,0.0,0.0,0,0,0,0,0,0,0,0
11606517,32836120500,avito,2025-02-20,0.0,0.0,0.0,0.0,0.0,0.0,0.0,0.0,0.0,0,0,0,0,0,0,0,0
11606517,16127177903,viber,2025-02-20,0.0,0.0,0.0,0.0,0.0,0.0,0.0,0.0,0.0,0,0,0,0,0,0,0,0
11606517,32926245959,telegram,2025-02-20,0.0,0.0,0.0,0.0,0.0,0.0,0.0,0.0,0.0,0,0,0,0,0,0,0,0
11606517,33932214573,avito,2025-02-20,0.0,2.830216041985761,2.830216041985761,0.0,0.0,0.0,0.0,0.0,2.830216041985761,1,0,0,1,0,35,0,0
11606517,56507791063,avito,2025-02-20,0.0,0.0,0.0,0.0,0.0,0.0,0.0,0.0,0.0,0,0,0,0,0,0,0,0
23931208,10110616593,instagram,2025-02-20,2.0190770631617925,5.130025825814534,5.130025825814534,0.0,0.0,0.0,0.0,2.1697948587601488,9.318897747736475,1,0,1,2,1,52,0,52
21782287,39257271584,viber,2025-02-21,0.0,0.0,0.0,0.0,0.0,0.0,0.0,0.0,0.0,0,0,0,0,0,0,0,0
21782287,45038593789,avito,2025-02-21,0.0,0.0,0.0,0.0,0.0,0.0,0.0,0.0,0.0,0,0,0,0,0,0,0,0
21782287,00736226975,max,2025-02-21,0.0,6.751440980448398,6.751440980448398,0.0,0.0,0.0,0.0,0.0,0.0,1,0,0,0,0,30,0,0
21782287,76466722856,telegram,2025-02-21,0.0,0.0,0.0,0.0,0.0,0.0,0.0,0.0,0.0,0,0,0,0,0,0,0,0
21782287,28439713457,max,2025-02-21,0.0,0.0,0.0,0.0,0.0,0.0,0.0,4.928142617540251,30.42355549485317,0,0,1,3,1,0,0,61
21782287,75026598794,viber,2025-02-21,0.0,0.0,0.0,18.74397189686452,0.0,0.0,18.74397189686452,0.0,0.0,0,1,0,0,0,0,61,0
11606517,32926245959,telegram,2025-02-21,0.0,0.0,0.0,0.0,0.0,0.0,0.0,0.0,0.0,0,0,0,0,0,0,0,0
11606517,56507791063,avito,2025-02-21,0.0,0.0,0.0,0.0,0.0,0.0,0.0,0.0,0.0,0,0,0,0,0,0,0,0
11606517,32836120500,avito,2025-02-21,0.0,0.0,0.0,0.0,0.0,0.0,0.0,0.0,0.0,0,0,0,0,0,0,0,0
11606517,16127177903,viber,2025-02-21,2.012109310963898,5.780000188157114,5.780000188157114,0.0,0.0,0.0,0.0,0.0,7.792109499121012,1,0,0,1,0,29,0,0
11606517,85193315779,telegram,2025-02-21,0.0,0.0,0.0,0.0,0.0,0.0,0.0,0.0,0.0,0,0,0,0,0,0,0,0
23931208,08272999992,telegram,2025-02-21,0.0,5.176491283078079,5.176491283078079,0.0,0.0,0.0,0.0,0.0,0.0,1,0,0,0,0,42,0,0
23931208,55485246939,viber,2025-02-21,2.010621828543064,0.0,0.0,0.0,0.0,0.0,0.0,7.996322767309349,15.183435878930492,0,0,1,2,1,0,0,38
21782287,76466722856,telegram,2025-02-22,0.0,0.0,0.0,20.01733399296888,0.0,0.0,20.01733399296888,5.441368056984277,25.458702049953157,0,1,1,2,1,0,41,40
11606517,85193315779,telegram,2025-02-22,0.0,0.0,0.0,0.0,0.0,0.0,0.0,0.0,0.0,0,0,0,0,0,0,0,0
11606517,09697788870,whatsapp,2025-02-22,0.0,0.0,0.0,0.0,0.0,0.0,0.0,0.0,0.0,0,0,0,0,0,0,0,0
11606517,16274348610,whatsapp,2025-02-22,0.0,0.0,0.0,0.0,0.0,0.0,0.0,0.0,0.0,0,0,0,0,0,0,0,0
11606517,16127177903,viber,2025-02-22,0.0,3.0552980680894795,3.0552980680894795,0.0,0.0,0.0,0.0,0.0,0.0,1,0,0,0,0,22,0,0
11606517,33932214573,avito,2025-02-22,0.0,0.0,0.0,0.0,0.0,0.0,0.0,0.0,0.0,0,0,0,0,0,0,0,0
11606517,32836120500,avito,2025-02-22,0.0,0.0,0.0,0.0,0.0,0.0,0.0,0.0,3.0552980680894795,0,0,0,1,0,0,0,0
11606517,38536948085,max,2025-02-22,0.0,0.0,0.0,0.0,0.0,0.0,0.0,0.0,0.0,0,0,0,0,0,0,0,0
11606517,70579700362,avito,2025-02-22,0.0,0.0,0.0,0.0,0.0,0.0,0.0,0.0,0.0,0,0,0,0,0,0,0,0
23931208,11585672433,vk,2025-02-22,0.0,7.487161131024436,7.487161131024436,24.931600432489592,0.0,0.0,24.931600432489592,5.076063677943736,37.49482524145776,1,1,1,3,1,21,68,49
21782287,75026598794,viber,2025-02-23,0.0,0.0,0.0,0.0,0.0,0.0,0.0,0.0,29.56883492387589,0,0,0,2,1,0,0,0
21782287,76466722856,telegram,2025-02-23,0.0,0.0,0.0,26.783491191701618,0.0,0.0,26.783491191701618,2.7853437321742742,0.0,0,1,1,0,0,0,50,20
11606517,32836120500,avito,2025-02-23,0.0,0.0,0.0,0.0,0.0,0.0,0.0,0.0,4.551490206360995,0,0,0,1,0,0,0,0
11606517,16274348610,whatsapp,2025-02-23,0.0,4.551490206360995,4.551490206360995,0.0,0.0,0.0,0.0,0.0,0.0,1,0,0,0,0,28,0,0
11606517,32926245959,telegram,2025-02-23,0.0,0.0,0.0,0.0,0.0,0.0,0.0,0.0,0.0,0,0,0,0,0,0,0,0
11606517,33932214573,avito,2025-02-23,0.0,0.0,0.0,0.0,0.0,0.0,0.0,0.0,0.0,0,0,0,0,0,0,0,0
11606517,52606052688,telegram,2025-02-23,0.0,0.0,0.0,0.0,0.0,0.0,0.0,0.0,0.0,0,0,0,0,0,0,0,0
23931208,08272999992,telegram,2025-02-23,0.0,6.195908220197756,6.195908220197756,36.94400536930998,0.0,0.0,36.94400536930998,2.189778821909398,45.329692411417135,1,1,1,3,1,37,79,25
21782287,47570492622,instagram,2025-02-24,0.0,0.0,0.0,29.071795151402362,0.0,0.0,29.071795151402362,0.0,0.0,0,1,0,0,0,0,80,0
21782287,28439713457,max,2025-02-24,0.0,0.0,0.0,0.0,0.0,0.0,0.0,5.21078492801462,34.28258007941698,0,0,1,2,1,0,0,55
11606517,32926245959,telegram,2025-02-24,0.0,0.0,0.0,0.0,0.0,0.0,0.0,0.0,0.0,0,0,0,0,0,0,0,0
11606517,52606052688,telegram,2025-02-24,0.0,0.0,0.0,0.0,0.0,0.0,0.0,0.0,0.0,0,0,0,0,0,0,0,0
11606517,31592905183,instagram,2025-02-24,2.009363763782248,12.516534312155198,12.516534312155198,0.0,0.0,0.0,0.0,0.0,14.525898075937446,1,0,0,1,0,39,0,0
11606517,32836120500,avito,2025-02-24,0.0,0.0,0.0,0.0,0.0,0.0,0.0,0.0,0.0,0,0,0,0,0,0,0,0
23931208,08272999992,telegram,2025-02-24,0.0,3.470161017460736,3.470161017460736,0.0,0.0,0.0,0.0,2.078249676832972,5.5484106942937075,1,0,1,2,1,20,0,23
21782287,75026598794,viber,2025-02-25,0.0,0.0,0.0,0.0,0.0,0.0,0.0,2.292967900223625,0.0,0,0,1,0,0,0,0,50
21782287,09519908696,vk,2025-02-25,0.0,0.0,0.0,0.0,0.0,0.0,0.0,0.0,19.984874528019237,0,0,0,3,1,0,0,0
21782287,76466722856,telegram,2025-02-25,0.0,3.0558742251691067,3.0558742251691067,14.636032402626503,0.0,0.0,14.636032402626503,0.0,0.0,1,1,0,0,0,27,62,0
11606517,32836120500,avito,2025-02-25,0.0,0.0,0.0,0.0,0.0,0.0,0.0,0.0,0.0,0,0,0,0,0,0,0,0
11606517,96189766454,instagram,2025-02-25,0.0,0.0,0.0,0.0,0.0,0.0,0.0,0.0,0.0,0,0,0,0,0,0,0,0
11606517,16274348610,whatsapp,2025-02-25,0.0,0.0,0.0,0.0,0.0,0.0,0.0,0.0,0.0,0,0,0,0,0,0,0,0
11606517,62179202986,telegram,2025-02-25,0.0,4.287034356081514,4.287034356081514,0.0,0.0,0.0,0.0,0.0,0.0,1,0,0,0,0,22,0,0
11606517,32926245959,telegram,2025-02-25,0.0,0.0,0.0,0.0,0.0,0.0,0.0,0.0,0.0,0,0,0,0,0,0,0,0
11606517,93587410201,instagram,2025-02-25,0.0,0.0,0.0,0.0,0.0,0.0,0.0,0.0,4.287034356081514,0,0,0,1,0,0,0,0
23931208,55485246939,viber,2025-02-25,0.0,0.0,0.0,0.0,0.0,0.0,0.0,43.61248791775278,0.0,0,0,1,0,0,0,0,77
23931208,14686373482,whatsapp,2025-02-25,2.0155661217146674,0.0,0.0,0.0,0.0,0.0,0.0,0.0,51.17926366139811,0,0,0,2,1,0,0,0
23931208,10110616593,instagram,2025-02-25,0.0,0.0,0.0,0.0,0.0,0.0,0.0,0.0,0.0,0,0,0,0,0,0,0,0
23931208,08272999992,telegram,2025-02-25,0.0,5.551209621930665,5.551209621930665,0.0,0.0,0.0,0.0,0.0,0.0,1,0,0,0,0,16,0,0
23931208,85661428409,instagram,2025-02-25,0.0,0.0,0.0,0.0,0.0,0.0,0.0,0.0,0.0,0,0,0,0,0,0,0,0
23931208,11585672433,vk,2025-02-25,0.0,0.0,0.0,0.0,0.0,0.0,0.0,0.0,0.0,0,0,0,0,0,0,0,0
23931208,04094696028,max,2025-02-25,0.0,0.0,0.0,0.0,0.0,0.0,0.0,0.0,0.0,0,0,0,0,0,0,0,0
21782287,39257271584,viber,2025-02-26,2.010046547904003,0.0,0.0,20.778470919859117,0.0,0.0,20.778470919859117,3.0498458864641687,25.83836335422729,0,1,1,2,1,0,74,31
11606517,36081056141,avito,2025-02-26,0.0,2.6410029493857095,2.6410029493857095,0.0,0.0,0.0,0.0,0.0,0.0,1,0,0,0,0,22,0,0
11606517,32836120500,avito,2025-02-26,0.0,0.0,0.0,0.0,0.0,0.0,0.0,0.0,0.0,0,0,0,0,0,0,0,0
11606517,33932214573,avito,2025-02-26,0.0,0.0,0.0,0.0,0.0,0.0,0.0,0.0,0.0,0,0,0,0,0,0,0,0
11606517,31592905183,instagram,2025-02-26,0.0,0.0,0.0,0.0,0.0,0.0,0.0,0.0,2.6410029493857095,0,0,0,1,0,0,0,0
11606517,96189766454,instagram,2025-02-26,0.0,0.0,0.0,0.0,0.0,0.0,0.0,0.0,0.0,0,0,0,0,0,0,0,0
23931208,55485246939,viber,2025-02-26,0.0,0.0,0.0,20.477684567989208,0.0,0.0,20.477684567989208,0.0,0.0,0,1,0,0,0,0,62,0
23931208,08272999992,telegram,2025-02-26,0.0,0.0,0.0,0.0,0.0,0.0,0.0,0.0,27.10736943476863,0,0,0,3,1,0,0,0
23931208,11585672433,vk,2025-02-26,0.0,3.0098575955180014,3.0098575955180014,0.0,0.0,0.0,0.0,0.0,0.0,1,0,0,0,0,18,0,0
23931208,77077321366,whatsapp,2025-02-26,0.0,0.0,0.0,0.0,0.0,0.0,0.0,3.6198272712614217,0.0,0,0,1,0,0,0,0,36
21782287,39257271584,viber,2025-02-27,0.0,0.0,0.0,0.0,0.0,0.0,0.0,0.0,0.0,0,0,0,0,0,0,0,0
21782287,28439713457,max,2025-02-27,0.0,0.0,0.0,13.762300035374402,0.0,0.0,13.762300035374402,1.8121714287315962,15.574471464105997,0,1,1,2,1,0,40,22
11606517,32926245959,telegram,2025-02-27,2.008183056351622,5.761942183909834,5.761942183909834,0.0,0.0,0.0,0.0,0.0,7.770125240261456,1,0,0,1,0,29,0,0
11606517,32836120500,avito,2025-02-27,0.0,0.0,0.0,0.0,0.0,0.0,0.0,0.0,0.0,0,0,0,0,0,0,0,0
11606517,56507791063,avito,2025-02-27,0.0,0.0,0.0,0.0,0.0,0.0,0.0,0.0,0.0,0,0,0,0,0,0,0,0
23931208,58764457217,instagram,2025-02-27,0.0,0.0,0.0,0.0,0.0,0.0,0.0,3.8002606362708984,0.0,0,0,1,0,0,0,0,18
23931208,08272999992,telegram,2025-02-27,0.0,0.0,0.0,0.0,0.0,0.0,0.0,0.0,0.0,0,0,0,0,0,0,0,0
23931208,55485246939,viber,2025-02-27,0.0,0.0,0.0,0.0,0.0,0.0,0.0,0.0,0.0,0,0,0,0,0,0,0,0
23931208,10110616593,instagram,2025-02-27,2.0057487793240414,0.0,0.0,0.0,0.0,0.0,0.0,0.0,10.014071446184904,0,0,0,2,1,0,0,0
23931208,11585672433,vk,2025-02-27,0.0,0.0,0.0,0.0,0.0,0.0,0.0,0.0,0.0,0,0,0,0,0,0,0,0
23931208,85661428409,instagram,2025-02-27,0.0,4.208062030589964,4.208062030589964,0.0,0.0,0.0,0.0,0.0,0.0,1,0,0,0,0,26,0,0
21782287,09519908696,vk,2025-02-28,2.0087375770629277,0.0,0.0,10.16817416846545,0.0,0.0,10.16817416846545,7.631383846067537,19.808295591595915,0,1,1,2,1,0,40,43
21782287,28439713457,max,2025-02-28,0.0,0.0,0.0,0.0,0.0,0.0,0.0,0.0,0.0,0,0,0,0,0,0,0,0
21782287,76466722856,telegram,2025-02-28,0.0,0.0,0.0,0.0,0.0,0.0,0.0,0.0,0.0,0,0,0,0,0,0,0,0
11606517,32926245959,telegram,2025-02-28,0.0,0.0,0.0,0.0,0.0,0.0,0.0,0.0,0.0,0,0,0,0,0,0,0,0
11606517,96189766454,instagram,2025-02-28,0.0,0.0,0.0,0.0,0.0,0.0,0.0,0.0,5.285988418169498,0,0,0,1,0,0,0,0
11606517,62179202986,telegram,2025-02-28,0.0,0.0,0.0,0.0,0.0,0.0,0.0,0.0,0.0,0,0,0,0,0,0,0,0
11606517,32836120500,avito,2025-02-28,0.0,0.0,0.0,0.0,0.0,0.0,0.0,0.0,0.0,0,0,0,0,0,0,0,0
11606517,33932214573,avito,2025-02-28,0.0,5.285988418169498,5.285988418169498,0.0,0.0,0.0,0.0,0.0,0.0,1,0,0,0,0,28,0,0
23931208,08272999992,telegram,2025-02-28,0.0,0.0,0.0,0.0,0.0,0.0,0.0,0.0,0.0,0,0,0,0,0,0,0,0
23931208,55485246939,viber,2025-02-28,0.0,8.209013881745724,8.209013881745724,0.0,0.0,0.0,0.0,2.2762454352731876,10.485259317018912,1,0,1,2,1,40,0,11
23931208,77077321366,whatsapp,2025-02-28,0.0,0.0,0.0,0.0,0.0,0.0,0.0,0.0,0.0,0,0,0,0,0,0,0,0
21782287,45038593789,avito,2025-03-01,0.0,0.0,0.0,22.984377825599214,0.0,0.0,22.984377825599214,4.1714567605863895,27.155834586185605,0,1,1,2,1,0,78,38
11606517,36081056141,avito,2025-03-01,0.0,5.071659509299556,5.071659509299556,0.0,0.0,0.0,0.0,0.0,0.0,1,0,0,0,0,19,0,0
11606517,32926245959,telegram,2025-03-01,2.0090662871123715,0.0,0.0,0.0,0.0,0.0,0.0,0.0,7.080725796411928,0,0,0,1,0,0,0,0
23931208,11585672433,vk,2025-03-01,0.0,4.646757881842918,4.646757881842918,17.300389439808164,0.0,0.0,17.300389439808164,11.370758256677155,33.31790557832824,1,1,1,3,1,28,48,20
21782287,00736226975,max,2025-03-02,0.0,5.94249432024161,5.94249432024161,32.548129223791435,0.0,0.0,32.548129223791435,2.6103367284879195,41.100960272520965,1,1,1,3,1,18,109,27
11606517,32836120500,avito,2025-03-02,0.0,0.0,0.0,0.0,0.0,0.0,0.0,0.0,0.0,0,0,0,0,0,0,0,0
11606517,32926245959,telegram,2025-03-02,0.0,0.0,0.0,0.0,0.0,0.0,0.0,0.0,0.0,0,0,0,0,0,0,0,0
11606517,93587410201,instagram,2025-03-02,0.0,5.097240260478919,5.097240260478919,0.0,0.0,0.0,0.0,0.0,5.097240260478919,1,0,0,1,0,21,0,0
23931208,08272999992,telegram,2025-03-02,0.0,5.472707285445141,5.472707285445141,17.649516633969572,0.0,0.0,17.649516633969572,2.385809035505575,25.50803295492029,1,1,1,3,1,26,80,61
21782287,91785999662,viber,2025-03-03,0.0,0.0,0.0,0.0,0.0,0.0,0.0,0.0,0.0,0,0,0,0,0,0,0,0
21782287,76466722856,telegram,2025-03-03,0.0,0.0,0.0,13.337966241997954,0.0,0.0,13.337966241997954,2.079916870260957,15.417883112258911,0,1,1,2,1,0,29,38
11606517,16127177903,viber,2025-03-03,0.0,0.0,0.0,0.0,0.0,0.0,0.0,0.0,0.0,0,0,0,0,0,0,0,0
11606517,32836120500,avito,2025-03-03,0.0,6.2070192399377495,6.2070192399377495,0.0,0.0,0.0,0.0,0.0,0.0,1,0,0,0,0,23,0,0
11606517,56507791063,avito,2025-03-03,0.0,0.0,0.0,0.0,0.0,0.0,0.0,0.0,0.0,0,0,0,0,0,0,0,0
11606517,33932214573,avito,2025-03-03,0.0,0.0,0.0,0.0,0.0,0.0,0.0,0.0,6.2070192399377495,0,0,0,1,0,0,0,0
23931208,55485246939,viber,2025-03-03,0.0,5.474897844366289,5.474897844366289,0.0,0.0,0.0,0.0,4.0797687049906655,9.554666549356956,1,0,1,2,1,24,0,51
21782287,75026598794,viber,2025-03-04,0.0,0.0,0.0,0.0,0.0,0.0,0.0,0.0,0.0,0,0,0,0,0,0,0,0
21782287,09519908696,vk,2025-03-04,0.0,0.0,0.0,0.0,0.0,0.0,0.0,0.0,31.234064087075076,0,0,0,2,1,0,0,0
21782287,44122274848,whatsapp,2025-03-04,0.0,0.0,0.0,25.686399571605886,0.0,0.0,25.686399571605886,5.54766451546919,0.0,0,1,1,0,0,0,58,37
21782287,76466722856,telegram,2025-03-04,0.0,0.0,0.0,0.0,0.0,0.0,0.0,0.0,0.0,0,0,0,0,0,0,0,0
11606517,32836120500,avito,2025-03-04,0.0,0.0,0.0,0.0,0.0,0.0,0.0,0.0,0.0,0,0,0,0,0,0,0,0
11606517,96189766454,instagram,2025-03-04,0.0,0.0,0.0,0.0,0.0,0.0,0.0,0.0,0.0,0,0,0,0,0,0,0,0
11606517,31592905183,instagram,2025-03-04,0.0,0.0,0.0,0.0,0.0,0.0,0.0,0.0,0.0,0,0,0,0,0,0,0,0
11606517,34956361145,whatsapp,2025-03-04,0.0,0.0,0.0,0.0,0.0,0.0,0.0,0.0,0.0,0,0,0,0,0,0,0,0
11606517,23285228494,telegram,2025-03-04,0.0,0.0,0.0,0.0,0.0,0.0,0.0,0.0,0.0,0,0,0,0,0,0,0,0
11606517,36081056141,avito,2025-03-04,0.0,8.419383080533432,8.419383080533432,0.0,0.0,0.0,0.0,0.0,0.0,1,0,0,0,0,50,0,0
11606517,32926245959,telegram,2025-03-04,0.0,0.0,0.0,0.0,0.0,0.0,0.0,0.0,8.419383080533432,0,0,0,1,0,0,0,0
11606517,56507791063,avito,2025-03-04,0.0,0.0,0.0,0.0,0.0,0.0,0.0,0.0,0.0,0,0,0,0,0,0,0,0
23931208,55485246939,viber,2025-03-04,0.0,4.3566315222420835,4.3566315222420835,11.736183794346678,0.0,0.0,11.736183794346678,0.0,0.0,1,1,0,0,0,46,55,0
23931208,08272999992,telegram,2025-03-04,0.0,0.0,0.0,0.0,0.0,0.0,0.0,0.0,0.0,0,0,0,0,0,0,0,0
23931208,10110616593,instagram,2025-03-04,0.0,0.0,0.0,0.0,0.0,0.0,0.0,2.4090703920075507,18.501885708596312,0,0,1,3,1,0,0,31
21782287,76466722856,telegram,2025-03-05,0.0,0.0,0.0,0.0,0.0,0.0,0.0,11.44969575664507,27.909109666905238,0,0,1,2,1,0,0,27
21782287,91785999662,viber,2025-03-05,0.0,0.0,0.0,16.459413910260167,0.0,0.0,16.459413910260167,0.0,0.0,0,1,0,0,0,0,24,0
11606517,32926245959,telegram,2025-03-05,0.0,8.037603162438806,8.037603162438806,0.0,0.0,0.0,0.0,0.0,0.0,1,0,0,0,0,28,0,0
11606517,32836120500,avito,2025-03-05,0.0,0.0,0.0,0.0,0.0,0.0,0.0,0.0,8.037603162438806,0,0,0,1,0,0,0,0
23931208,55485246939,viber,2025-03-05,0.0,0.0,0.0,0.0,0.0,0.0,0.0,24.091869732050906,74.43675299305673,0,0,1,3,1,0,0,54
23931208,08272999992,telegram,2025-03-05,0.0,29.270104737933607,29.270104737933607,21.074778523072215,0.0,0.0,21.074778523072215,0.0,0.0,1,1,0,0,0,69,64,0
21782287,76466722856,telegram,2025-03-06,0.0,0.0,0.0,0.0,0.0,0.0,0.0,0.0,0.0,0,0,0,0,0,0,0,0
21782287,91785999662,viber,2025-03-06,2.016297315990953,0.0,0.0,0.0,0.0,0.0,0.0,0.0,27.28762947523945,0,0,0,2,1,0,0,0
21782287,45038593789,avito,2025-03-06,0.0,0.0,0.0,0.0,0.0,0.0,0.0,0.0,0.0,0,0,0,0,0,0,0,0
21782287,75026598794,viber,2025-03-06,0.0,0.0,0.0,16.93107251173199,0.0,0.0,16.93107251173199,8.340259647516506,0.0,0,1,1,0,0,0,61,22
11606517,32926245959,telegram,2025-03-06,0.0,0.0,0.0,0.0,0.0,0.0,0.0,0.0,0.0,0,0,0,0,0,0,0,0
11606517,32836120500,avito,2025-03-06,0.0,0.0,0.0,0.0,0.0,0.0,0.0,0.0,0.0,0,0,0,0,0,0,0,0
11606517,36081056141,avito,2025-03-06,0.0,5.423140673000237,5.423140673000237,0.0,0.0,0.0,0.0,0.0,0.0,1,0,0,0,0,39,0,0
11606517,33932214573,avito,2025-03-06,0.0,0.0,0.0,0.0,0.0,0.0,0.0,0.0,5.423140673000237,0,0,0,1,0,0,0,0
23931208,08272999992,telegram,2025-03-06,0.0,5.03455376999416,5.03455376999416,17.472151843691503,0.0,0.0,17.472151843691503,0.0,0.0,1,1,0,0,0,9,65,0
23931208,55485246939,viber,2025-03-06,0.0,0.0,0.0,0.0,0.0,0.0,0.0,2.4860918507187453,24.992797464404404,0,0,1,3,1,0,0,39
23931208,49919422542,whatsapp,2025-03-06,0.0,0.0,0.0,0.0,0.0,0.0,0.0,0.0,0.0,0,0,0,0,0,0,0,0
21782287,76466722856,telegram,2025-03-07,2.0089559694136536,0.0,0.0,0.0,0.0,0.0,0.0,0.0,18.701912740608748,0,0,0,2,1,0,0,0
21782287,00736226975,max,2025-03-07,0.0,0.0,0.0,13.576040868681922,0.0,0.0,13.576040868681922,0.0,0.0,0,1,0,0,0,0,28,0
21782287,45038593789,avito,2025-03-07,0.0,0.0,0.0,0.0,0.0,0.0,0.0,3.116915902513174,0.0,0,0,1,0,0,0,0,39
11606517,33932214573,avito,2025-03-07,0.0,4.265968319314926,4.265968319314926,0.0,0.0,0.0,0.0,0.0,4.265968319314926,1,0,0,1,0,33,0,0
23931208,08272999992,telegram,2025-03-07,0.0,0.0,0.0,0.0,0.0,0.0,0.0,2.620302272373363,0.0,0,0,1,0,0,0,0,54
23931208,55485246939,viber,2025-03-07,0.0,0.0,0.0,0.0,0.0,0.0,0.0,0.0,8.951563319308303,0,0,0,2,1,0,0,0
23931208,05053598865,viber,2025-03-07,0.0,6.33126104693494,6.33126104693494,0.0,0.0,0.0,0.0,0.0,0.0,1,0,0,0,0,43,0,0
21782287,91785999662,viber,2025-03-08,2.007579578034314,0.0,0.0,0.0,0.0,0.0,0.0,0.0,39.70640787976947,0,0,0,2,1,0,0,0
21782287,23074630526,instagram,2025-03-08,0.0,0.0,0.0,32.40192589535447,0.0,0.0,32.40192589535447,5.296902406380684,0.0,0,1,1,0,0,0,69,51
21782287,76466722856,telegram,2025-03-08,0.0,0.0,0.0,0.0,0.0,0.0,0.0,0.0,0.0,0,0,0,0,0,0,0,0
11606517,34956361145,whatsapp,2025-03-08,0.0,0.0,0.0,0.0,0.0,0.0,0.0,0.0,0.0,0,0,0,0,0,0,0,0
11606517,33932214573,avito,2025-03-08,2.0088161197419137,0.0,0.0,0.0,0.0,0.0,0.0,0.0,9.640179126189956,0,0,0,1,0,0,0,0
11606517,32926245959,telegram,2025-03-08,0.0,7.631363006448043,7.631363006448043,0.0,0.0,0.0,0.0,0.0,0.0,1,0,0,0,0,46,0,0
23931208,20386062732,vk,2025-03-08,0.0,0.0,0.0,0.0,0.0,0.0,0.0,0.0,0.0,0,0,0,0,0,0,0,0
23931208,74970575104,max,2025-03-08,0.0,2.5672231278015682,2.5672231278015682,0.0,0.0,0.0,0.0,0.0,8.412683560073729,1,0,0,2,1,21,0,0
23931208,77077321366,whatsapp,2025-03-08,0.0,0.0,0.0,0.0,0.0,0.0,0.0,5.84546043227216,0.0,0,0,1,0,0,0,0,27
23931208,08272999992,telegram,2025-03-08,0.0,0.0,0.0,0.0,0.0,0.0,0.0,0.0,0.0,0,0,0,0,0,0,0,0
23931208,11585672433,vk,2025-03-08,0.0,0.0,0.0,0.0,0.0,0.0,0.0,0.0,0.0,0,0,0,0,0,0,0,0
21782287,91785999662,viber,2025-03-09,0.0,0.0,0.0,15.827754434901728,0.0,0.0,15.827754434901728,12.374721671983062,28.202476106884788,0,1,1,2,1,0,28,48
11606517,36081056141,avito,2025-03-09,0.0,3.757338160297855,3.757338160297855,0.0,0.0,0.0,0.0,0.0,3.757338160297855,1,0,0,1,0,30,0,0
23931208,85661428409,instagram,2025-03-09,0.0,15.28632397872467,15.28632397872467,0.0,0.0,0.0,0.0,5.601177432245824,20.887501410970494,1,0,1,2,1,39,0,46
21782287,75808774008,whatsapp,2025-03-10,0.0,0.0,0.0,0.0,0.0,0.0,0.0,4.6031715303448095,0.0,0,0,1,0,0,0,0,40
21782287,75026598794,viber,2025-03-10,0.0,6.833495861368784,6.833495861368784,14.88932071382115,0.0,0.0,14.88932071382115,0.0,26.325988105534744,1,1,0,3,1,35,71,0
11606517,62179202986,telegram,2025-03-10,0.0,0.0,0.0,0.0,0.0,0.0,0.0,0.0,0.0,0,0,0,0,0,0,0,0
11606517,96189766454,instagram,2025-03-10,0.0,0.0,0.0,0.0,0.0,0.0,0.0,0.0,0.0,0,0,0,0,0,0,0,0
11606517,32926245959,telegram,2025-03-10,0.0,0.0,0.0,0.0,0.0,0.0,0.0,0.0,0.0,0,0,0,0,0,0,0,0
11606517,77019311353,avito,2025-03-10,0.0,0.0,0.0,0.0,0.0,0.0,0.0,0.0,4.9501011136657596,0,0,0,1,0,0,0,0
11606517,16127177903,viber,2025-03-10,0.0,4.9501011136657596,4.9501011136657596,0.0,0.0,0.0,0.0,0.0,0.0,1,0,0,0,0,22,0,0
23931208,08272999992,telegram,2025-03-10,0.0,3.3893645656333082,3.3893645656333082,18.74722973958304,0.0,0.0,18.74722973958304,21.93272418189939,44.06931848711574,1,1,1,3,1,22,41,45
21782287,75026598794,viber,2025-03-11,0.0,0.0,0.0,13.657585561113091,0.0,0.0,13.657585561113091,0.0,0.0,0,1,0,0,0,0,53,0
21782287,76466722856,telegram,2025-03-11,0.0,0.0,0.0,0.0,0.0,0.0,0.0,7.601240657589715,21.258826218702808,0,0,1,2,1,0,0,33
21782287,09519908696,vk,2025-03-11,0.0,0.0,0.0,0.0,0.0,0.0,0.0,0.0,0.0,0,0,0,0,0,0,0,0
21782287,45038593789,avito,2025-03-11,0.0,0.0,0.0,0.0,0.0,0.0,0.0,0.0,0.0,0,0,0,0,0,0,0,0
21782287,91785999662,viber,2025-03-11,0.0,0.0,0.0,0.0,0.0,0.0,0.0,0.0,0.0,0,0,0,0,0,0,0,0
11606517,33932214573,avito,2025-03-11,0.0,0.0,0.0,0.0,0.0,0.0,0.0,0.0,0.0,0,0,0,0,0,0,0,0
11606517,32926245959,telegram,2025-03-11,0.0,0.0,0.0,0.0,0.0,0.0,0.0,0.0,0.0,0,0,0,0,0,0,0,0
11606517,96189766454,instagram,2025-03-11,0.0,3.5341797292733923,3.5341797292733923,0.0,0.0,0.0,0.0,0.0,0.0,1,0,0,0,0,31,0,0
11606517,32836120500,avito,2025-03-11,0.0,0.0,0.0,0.0,0.0,0.0,0.0,0.0,0.0,0,0,0,0,0,0,0,0
11606517,16274348610,whatsapp,2025-03-11,0.0,0.0,0.0,0.0,0.0,0.0,0.0,0.0,3.5341797292733923,0,0,0,1,0,0,0,0
23931208,08272999992,telegram,2025-03-11,0.0,0.0,0.0,0.0,0.0,0.0,0.0,0.0,14.377480892041051,0,0,0,2,1,0,0,0
23931208,74970575104,max,2025-03-11,0.0,9.746422489025141,9.746422489025141,0.0,0.0,0.0,0.0,4.63105840301591,0.0,1,0,1,0,0,43,0,41
21782287,63822355292,vk,2025-03-12,0.0,0.0,0.0,22.301659035101704,0.0,0.0,22.301659035101704,0.0,0.0,0,1,0,0,0,0,69,0
21782287,92957291556,avito,2025-03-12,0.0,0.0,0.0,0.0,0.0,0.0,0.0,0.0,0.0,0,0,0,0,0,0,0,0
21782287,91785999662,viber,2025-03-12,0.0,0.0,0.0,0.0,0.0,0.0,0.0,0.0,30.897691165671276,0,0,0,2,1,0,0,0
21782287,75808774008,whatsapp,2025-03-12,0.0,0.0,0.0,0.0,0.0,0.0,0.0,0.0,0.0,0,0,0,0,0,0,0,0
21782287,75026598794,viber,2025-03-12,0.0,0.0,0.0,0.0,0.0,0.0,0.0,8.596032130569574,0.0,0,0,1,0,0,0,0,59
21782287,09519908696,vk,2025-03-12,0.0,0.0,0.0,0.0,0.0,0.0,0.0,0.0,0.0,0,0,0,0,0,0,0,0
11606517,32926245959,telegram,2025-03-12,0.0,0.0,0.0,0.0,0.0,0.0,0.0,0.0,4.4430046548559154,0,0,0,1,0,0,0,0
11606517,56507791063,avito,2025-03-12,0.0,4.4430046548559154,4.4430046548559154,0.0,0.0,0.0,0.0,0.0,0.0,1,0,0,0,0,27,0,0
23931208,10110616593,instagram,2025-03-12,0.0,0.0,0.0,0.0,0.0,0.0,0.0,3.834610139356184,0.0,0,0,1,0,0,0,0,63
23931208,08272999992,telegram,2025-03-12,0.0,0.0,0.0,0.0,0.0,0.0,0.0,0.0,6.785674765763488,0,0,0,2,1,0,0,0
23931208,55485246939,viber,2025-03-12,0.0,0.0,0.0,0.0,0.0,0.0,0.0,0.0,0.0,0,0,0,0,0,0,0,0
23931208,20386062732,vk,2025-03-12,0.0,2.951064626407304,2.951064626407304,0.0,0.0,0.0,0.0,0.0,0.0,1,0,0,0,0,31,0,0
23931208,49919422542,whatsapp,2025-03-12,0.0,0.0,0.0,0.0,0.0,0.0,0.0,0.0,0.0,0,0,0,0,0,0,0,0
21782287,09519908696,vk,2025-03-13,0.0,0.0,0.0,0.0,0.0,0.0,0.0,0.0,0.0,0,0,0,0,0,0,0,0
21782287,91785999662,viber,2025-03-13,0.0,12.234093413545345,12.234093413545345,0.0,0.0,0.0,0.0,3.0422678924450453,44.6714034429097,1,0,1,3,1,42,0,30
21782287,63822355292,vk,2025-03-13,0.0,0.0,0.0,0.0,0.0,0.0,0.0,0.0,0.0,0,0,0,0,0,0,0,0
21782287,75026598794,viber,2025-03-13,0.0,0.0,0.0,29.395042136919304,0.0,0.0,29.395042136919304,0.0,0.0,0,1,0,0,0,0,107,0
11606517,32926245959,telegram,2025-03-13,0.0,0.0,0.0,0.0,0.0,0.0,0.0,0.0,4.910602331129972,0,0,0,1,0,0,0,0
11606517,32836120500,avito,2025-03-13,0.0,4.910602331129972,4.910602331129972,0.0,0.0,0.0,0.0,0.0,0.0,1,0,0,0,0,19,0,0
23931208,55485246939,viber,2025-03-13,0.0,14.801001013912543,14.801001013912543,15.93277033544219,0.0,0.0,15.93277033544219,10.231253531291541,40.965024880646276,1,1,1,3,1,41,46,36
21782287,91785999662,viber,2025-03-14,0.0,0.0,0.0,0.0,0.0,0.0,0.0,3.7286966556832777,0.0,0,0,1,0,0,0,0,17
21782287,92378331609,avito,2025-03-14,0.0,0.0,0.0,11.814637968423444,0.0,0.0,11.814637968423444,0.0,0.0,0,1,0,0,0,0,68,0
21782287,24022627614,max,2025-03-14,0.0,0.0,0.0,0.0,0.0,0.0,0.0,0.0,0.0,0,0,0,0,0,0,0,0
21782287,45038593789,avito,2025-03-14,0.0,0.0,0.0,0.0,0.0,0.0,0.0,0.0,0.0,0,0,0,0,0,0,0,0
21782287,75026598794,viber,2025-03-14,0.0,0.0,0.0,0.0,0.0,0.0,0.0,0.0,15.543334624106722,0,0,0,2,1,0,0,0
11606517,32836120500,avito,2025-03-14,0.0,0.0,0.0,0.0,0.0,0.0,0.0,0.0,0.0,0,0,0,0,0,0,0,0
11606517,16127177903,viber,2025-03-14,0.0,5.629963037533338,5.629963037533338,0.0,0.0,0.0,0.0,0.0,0.0,1,0,0,0,0,28,0,0
11606517,33932214573,avito,2025-03-14,0.0,0.0,0.0,0.0,0.0,0.0,0.0,0.0,0.0,0,0,0,0,0,0,0,0
11606517,32926245959,telegram,2025-03-14,0.0,0.0,0.0,0.0,0.0,0.0,0.0,0.0,5.629963037533338,0,0,0,1,0,0,0,0
23931208,11585672433,vk,2025-03-14,0.0,0.0,0.0,0.0,0.0,0.0,0.0,0.0,21.80221040567474,0,0,0,2,1,0,0,0
23931208,74970575104,max,2025-03-14,0.0,19.245803105485702,19.245803105485702,0.0,0.0,0.0,0.0,2.556407300189035,0.0,1,0,1,0,0,35,0,63
21782287,91785999662,viber,2025-03-15,0.0,0.0,0.0,21.521591297091536,0.0,0.0,21.521591297091536,1.5314616126045664,23.053052909696103,0,1,1,2,1,0,63,45
11606517,34956361145,whatsapp,2025-03-15,0.0,0.0,0.0,0.0,0.0,0.0,0.0,0.0,0.0,0,0,0,0,0,0,0,0
11606517,16127177903,viber,2025-03-15,0.0,0.0,0.0,0.0,0.0,0.0,0.0,0.0,0.0,0,0,0,0,0,0,0,0
11606517,33932214573,avito,2025-03-15,0.0,0.0,0.0,0.0,0.0,0.0,0.0,0.0,0.0,0,0,0,0,0,0,0,0
11606517,32926245959,telegram,2025-03-15,0.0,7.003362677494509,7.003362677494509,0.0,0.0,0.0,0.0,0.0,7.003362677494509,1,0,0,1,0,30,0,0
23931208,20386062732,vk,2025-03-15,0.0,5.192721544985188,5.192721544985188,0.0,0.0,0.0,0.0,0.0,0.0,1,0,0,0,0,19,0,0
23931208,55485246939,viber,2025-03-15,0.0,0.0,0.0,0.0,0.0,0.0,0.0,5.73441105875384,0.0,0,0,1,0,0,0,0,51
23931208,11585672433,vk,2025-03-15,0.0,0.0,0.0,0.0,0.0,0.0,0.0,0.0,10.927132603739029,0,0,0,2,1,0,0,0
